pubID,topicQuery,typeQuery,tweet,tokens,hashtags,mentions,likeCount,replyCount,retweetCount,authorID,authorName,authorUsername,authorCreatedAt,authorVerified,followersCount,followingCount,pubDate,pubYear,pubMonth,pubDay,pubHour,pubMinute,geoID,geoName,longitude,latitude
1488633375418032130,incendio,palabras clave,"16:00 #Precauci√≥nVial | Servicios de emergencia acuden a Av. Nuevo Le√≥n y C. Baj√≠o, alcald√≠a Cuauht√©moc, por reporte de incendio. Conduce con precauci√≥n y cede el paso. https://t.co/aLBre338kh","['16', '00', 'servicio', 'emergencia', 'acudir', 'av', 'nuevo', 'le√≥n', 'baj√≠o', 'alcald√≠a', 'cuauhtemoc', 'reporte', 'incendio', 'conducir', 'precauci√≥n', 'ceder', 'paso']",['Precauci√≥nVial'],[],3,0,1,166594238,OVIAL_SSCCDMX,OVIALCDMX,2010-07-14 09:00:43,1,1935862,133,2022-02-01 16:00:28,2022,02,01,16,00,15,Cuauht√©moc,-99.1490557562,19.4313734294
1488633999736152065,incendio,palabras clave,"¬°Precauci√≥n! Por el reporte de un #incendio, servicios de emergencia se dirigen a Av. Nuevo Le√≥n y Baj√≠o, alcald√≠a Cuauht√©moc.","['precauci√≥n', 'reporte', 'servicio', 'emergencia', 'dirigir', 'av', 'nuevo', 'le√≥n', 'baj√≠o', 'alcald√≠a', 'cuauhtemoc']",['incendio'],[],1,0,1,40098528,Radio Tr√°fico Total,trafico889,2009-05-14 16:06:13,1,897301,69,2022-02-01 16:02:57,2022,02,01,16,02,15,Cuauht√©moc,-99.1490557562,19.4313734294
1489026457212964883,tr√°nsito,palabras clave,"@VigimoviCDMX aqu√≠ en San miguel topilejo en la delegaci√≥n tlalpan, mucha gente ""due√±a"" de aqu√≠ hace esto, y quiero hacer denuncia que en el centro de aqu√≠, existe este tipo de gente que hace todo esto y hay mucho tr√°fico por estas bases piratas, al igual que los cachivaches. https://t.co/HxkVRZRJJX","['aqu√≠', 'san', 'miguel', 'topillo', 'delegaci√≥n', 'tlalpan', 'mucho', 'gente', 'due√±a', 'aqu√≠', 'hacer', 'querer', 'hacer', 'denuncia', 'centro', 'aqu√≠', 'existir', 'tipo', 'gente', 'hacer', 'tr√°fico', 'base', 'pirata', 'igual', 'cachivaches']",[],['VigimoviCDMX'],1,0,1,4777223984,üî•üëΩAKA Chiikyz üëΩüî•,ChiikyzAKA,2016-01-18 00:58:55,0,175,306,2022-02-02 18:02:26,2022,02,02,18,02,12,Tlalpan,-99.2062207957,19.1983396763
1489083723815522306,incendio,palabras clave,"#Polic√≠acaüî´| Detonaciones de armas de fuego de alto poder causaron temor entre pobladores, taxistas y comerciantes que se encontraban enfrente del parque Benito Ju√°rez y el Ayuntamiento de √Ålamo de Temanpache, Veracruz.

Lee m√°s üëáhttps://t.co/bAe2bWSh9r","['detonaci√≥n', 'arma', 'fuego', 'alto', 'poder', 'causar', 'temor', 'poblador', 'taxista', 'comerciant', 'encontrar', 'enfrente', 'parque', 'benito', 'juarez', 'ayuntamiento', '√°lamo', 'temanpache', 'veracruz', 'lee']",['Polic√≠aca'],[],0,0,0,1219985046,Imagen de Veracruz,ImagendeVer,2013-02-25 17:20:44,0,11580,455,2022-02-02 21:50:00,2022,02,02,21,50,14,Benito Ju√°rez,-99.1611346584,19.3806424162
1489371544765751300,tr√°nsito,coordenadas,Agradecimiento a los polic√≠as de tr√°nsito por la informaci√≥n acerca de las l√≠neas amarillas en la zona de parqu√≠metros de Polanco. Acababa de estacionar y me explicaron con amabilidad por qu√© est√° prohibido. Muchas Gracias. üôè https://t.co/NtWXZxuO7a,"['agradecimiento', 'polic√≠a', 'tr√°nsito', 'informaci√≥n', 'acerca', 'l√≠nea', 'amarillo', 'zona', 'parqu√≠metro', 'polanco', 'acabar', 'estacionar', 'explicar', 'amabilidad', 'prohibido', 'mucho', 'gracia']",[],[],992,92,30,216252927,Livia Brito Pestana,liviabritoof,2010-11-15 23:10:53,1,698073,236,2022-02-03 16:53:42,2022,02,03,16,53,4,Cuajimalpa de Morelos,-99.18839369673502,19.393237386820115
1489662429785120775,tr√°nsito,palabras clave,"@UCS_GCDMX Buenas tardes, quiero denunciar al establecimiento ""Taquearte"" ubicado en Culiac√°n 51, Hip√≥dromo, Cuauht√©moc por confinamiento de la banqueta, colocaci√≥n de pantallas en enseres y no dejar 2 metros para el tr√°nsito de peatones, violando as√≠ la disposici√≥n oficial https://t.co/h01zFwjVQu","['buena', 'tarde', 'querer', 'denunciar', 'establecimiento', 'taquearte', 'ubicado', 'culiacan', '51', 'hip√≥dromo', 'cuauhtemoc', 'confinamiento', 'banqueta', 'colocaci√≥n', 'pantalla', 'enser', 'dejar', 'metro', 'tr√°nsito', 'peat√≥n', 'violar', 'as√≠', 'disposici√≥n', 'oficial']",[],['UCS_GCDMX'],157,2,10,274803984,Majo SR,_MaJoJoJo_,2011-03-30 20:01:27,0,251,296,2022-02-04 12:09:34,2022,02,04,12,09,15,Cuauht√©moc,-99.1490557562,19.4313734294
1489712652284829697,tr√°nsito,palabras clave,"En ciclov√≠as de Av. Insurgentes,Tonal√° y Av. √Ålvaro Obreg√≥n, col. Roma, @AlcCuauhtemocMx, personal de #Tr√°nsito realiza recorridos para agilizar vialidad y sancionar el estacionamiento prohibido. https://t.co/89kyl8TN8i","['ciclov√≠as', 'av', 'insurgentes', 'tonal', 'av', 'alvaro', 'obregon', 'col', 'roma', 'personal', 'realizar', 'recorrido', 'agilizar', 'vialidad', 'sancionar', 'estacionamiento', 'prohibido']",['Tr√°nsito'],['AlcCuauhtemocMx'],5,1,1,166594238,OVIAL_SSCCDMX,OVIALCDMX,2010-07-14 09:00:43,1,1935861,133,2022-02-04 15:29:08,2022,02,04,15,29,10,√Ålvaro Obreg√≥n,-99.246819712,19.336175562
1490163572978200581,tr√°nsito,palabras clave,"@albertosan002 @Trafico_ZMG @FiscaliaJal @ProtAZapopan @arturooislas @InspZapopan Se cuenta ya con evidencias, videos, denuncia en fiscal√≠a se necesita respuesta de las autoridades por protecci√≥n de la persona que puso la denuncia es lo que podemos compartir, esto sucedi√≥ en la colonia Auditorio Benito Ju√°rez en Zapopan","['contar', 'evidencia', 'video', 'denuncia', 'fiscal√≠a', 'necesitar', 'respuesta', 'autoridad', 'protecci√≥n', 'persona', 'poner', 'denuncia', 'poder', 'compartir', 'suceder', 'colonia', 'auditorio', 'benito', 'juarez', 'apoyar']",[],"['albertosan002', 'Trafico_ZMG', 'FiscaliaJal', 'ProtAZapopan', 'arturooislas', 'InspZapopan']",1,0,0,1284227866163507200,NotaJalisco,NotaJalisco,2020-07-17 14:46:50,0,365,25,2022-02-05 21:20:56,2022,02,05,21,20,14,Benito Ju√°rez,-99.1611346584,19.3806424162
1490423614855954432,incendio,palabras clave,"‚ö†Ô∏è#Precauci√≥n üö®üöíServicios de emergencia trabajan en üî•üöóincendio de veh√≠culo en la colonia San Jos√© Tl√°huac @TlahuacRenace.

#911CDMX #C5 https://t.co/wMU3OWiMlK","['servicio', 'emergencia', 'trabajar', 'incendio', 'veh√≠culo', 'colonia', 'san', 'jos√©', 'tl√°huac']","['Precauci√≥n', '911CDMX', 'C5']",['TlahuacRenace'],81,0,9,195951901,C5 CDMX,C5_CDMX,2010-09-27 17:51:04,1,926206,763,2022-02-06 14:34:15,2022,02,06,14,34,11,Tl√°huac,-99.0028216137,19.2769983772
1490558312152240129,incendio,palabras clave,"#Naucalpan #Precauci√≥n
‚ö†Ô∏èüößüö®üöëüöì
Acude ambulancia de PC Naucalpan a la calle Sierra Tlaxcala esquina con  calle Sierra Pirul en la Col. Benito Ju√°rez, atiende reporte de lesionado por disparos de arma de fuego. Precauci√≥n en la zona.","['acudir', 'ambulancia', 'pc', 'naucalpan', 'calle', 'sierra', 'tlaxcala', 'esquina', 'calle', 'sierra', 'piel', 'col', 'benito', 'juarez', 'atender', 'reporte', 'lesionado', 'disparo', 'arma', 'fuego', 'precauci√≥n', 'zona']","['Naucalpan', 'Precauci√≥n']",[],8,0,2,268258744,ùôæùöñùöéùöêùöä ùôΩùöäùöûùöåùöäùöïùöôùöäùöó‚ìÇ‚ìá,OmegaNaucalpan,2011-03-18 06:26:30,0,4500,96,2022-02-06 23:29:29,2022,02,06,23,29,14,Benito Ju√°rez,-99.1611346584,19.3806424162
1490810053833674756,tr√°nsito,coordenadas,"Fuerte accidente en el km 23.5 de la carretera. M√©xico Toluca. Maneje con mucha precauci√≥n,este incidente  ocasiona intenso tr√°fico. https://t.co/01W0Us35Sp","['fuerte', 'accidente', 'km', '23', 'carretera', 'm√©xico', 'toluca', 'maneje', 'mucho', 'precauci√≥n', 'incidente', 'ocasionar', 'intenso', 'tr√°fico']",[],[],0,0,0,910732418910433280,Lis Guti√©rrez,Lisethgutierrz,2017-09-20 23:08:24,0,207,191,2022-02-07 16:09:49,2022,02,07,16,09,15,Cuauht√©moc,-99.259495,19.3863707
1491054273534509057,tr√°nsito,palabras clave,"#ReporteVial üö¶| Percance veh√≠cular en la Av. Alvaro Obreg√≥n esq. Callej√≥n Borda del Centro de #Cuernavaca. Genera tr√°fico, ‚ö†Ô∏è precauci√≥n ‚ö†Ô∏è https://t.co/YCn0mlqgGO","['percance', 'vehicular', 'av', 'alvaro', 'obregon', 'esq', 'callej√≥n', 'borda', 'centro', 'generar', 'tr√°fico', 'precauci√≥n']","['ReporteVial', 'Cuernavaca']",[],0,0,1,582262732,PuntoPorPuntoTV,PuntoPorPuntoTV,2012-05-16 17:34:49,0,9393,805,2022-02-08 08:20:15,2022,02,08,08,20,10,√Ålvaro Obreg√≥n,-99.246819712,19.336175562
1491555978524909570,incendio,palabras clave,"¬°Precauci√≥n! Por el #incendio de un negocio, servicios de emergencia trabajan en la colonia San Nicol√°s Totolapan, alcald√≠a Magdalena Contreras.","['precauci√≥n', 'negocio', 'servicio', 'emergencia', 'trabajar', 'colonia', 'san', 'nicolas', 'totolapan', 'alcald√≠a', 'magdalena', 'contreras']",['incendio'],[],5,0,1,40098528,Radio Tr√°fico Total,trafico889,2009-05-14 16:06:13,1,897301,69,2022-02-09 17:33:51,2022,02,09,17,33,8,La Magdalena Contreras,-99.2684129061,19.2689765031
1491767967125848065,tr√°nsito,palabras clave,"Polic√≠as de #Tr√°nsito de la SSC implementan dispositivo de movilidad en Calz. Ignacio Zaragoza y Calle 47 col. Ignacio Zaragoza, alcald√≠a Venustiano Carranza, con el objetivo de inhibir el estacionamiento prohibido y as√≠ agilizar la vialidad en la zona. https://t.co/fFGaY0PLlS","['polic√≠a', 'ssc', 'implementar', 'dispositivo', 'movilidad', 'call', 'ignacio', 'zaragoza', 'calle', '47', 'col', 'ignacio', 'zaragoza', 'alcald√≠a', 'venustiano', 'carranza', 'objetivo', 'inhibir', 'estacionamiento', 'prohibido', 'as√≠', 'agilizar', 'vialidad', 'zona']",['Tr√°nsito'],[],0,0,0,166594238,OVIAL_SSCCDMX,OVIALCDMX,2010-07-14 09:00:43,1,1935862,133,2022-02-10 07:36:13,2022,02,10,07,36,17,Venustiano Carranza,-99.0931057959,19.4304954545
1491774382959730699,incendio,coordenadas,"@PatyArmendariz @lopezobrador_ Dej√© las cortinas de humo, urge  denunciar el nivel de corrupci√≥n del presimiente sus hijos, familiares y su gabinete.","['dejar', 'cortina', 'humo', 'urgir', 'denunciar', 'nivel', 'corrupci√≥n', 'presidente', 'hijo', 'familiar', 'gabinete']",[],"['PatyArmendariz', 'lopezobrador_']",1,0,0,80963193,vagar,arcegama,2009-10-08 16:43:18,0,1312,4370,2022-02-10 08:01:43,2022,02,10,08,01,16,Miguel Hidalgo,-99.1843501,19.3998346
1491820780048551939,tr√°nsito,palabras clave,"Polic√≠as de #Tr√°nsito de la SSC implementan dispositivo de movilidad en las inmediaciones de la Glorieta de la Diana sobre Av. Paseo de la Reforma, col. Cuauht√©moc, @AlcCuauhtemocMx; para inhibir estacionamiento prohibido y agilizar la vialidad en la zona. https://t.co/lX5AA97eaF","['polic√≠a', 'ssc', 'implementar', 'dispositivo', 'movilidad', 'inmediaci√≥n', 'glorieta', 'diana', 'av', 'paseo', 'reforma', 'col', 'cuauhtemoc', 'inhibir', 'estacionamiento', 'prohibido', 'agilizar', 'vialidad', 'zona']",['Tr√°nsito'],['AlcCuauhtemocMx'],7,2,0,166594238,OVIAL_SSCCDMX,OVIALCDMX,2010-07-14 09:00:43,1,1935865,133,2022-02-10 11:06:05,2022,02,10,11,06,15,Cuauht√©moc,-99.1490557562,19.4313734294
1491878495395487746,tr√°nsito,palabras clave,"Personal de #Tr√°nsito realiza dispositivo en ciclov√≠a de Calz. Camarones en la alcald√≠a Azcapotzalco, con el fin de evitar estacionamiento prohibido e invasi√≥n a la misma. https://t.co/94W1dHdtwb","['personal', 'realizar', 'dispositivo', 'ciclov√≠a', 'call', 'camarones', 'alcald√≠a', 'azcapotzalco', 'fin', 'evitar', 'estacionamiento', 'prohibido', 'invasi√≥n', 'mismo']",['Tr√°nsito'],[],6,0,1,166594238,OVIAL_SSCCDMX,OVIALCDMX,2010-07-14 09:00:43,1,1935861,133,2022-02-10 14:55:25,2022,02,10,14,55,2,Azcapotzalco,-99.1821069423,19.4853286147
1491947309982179349,incendio,palabras clave,Fue detenido Ricardo de 36 a√±os en la col. Miguel Hidalgo por posesi√≥n ilegal de una arma de fuego. @SSC_Pue #Puebla https://t.co/8TyRfRbgav,"['detenido', 'ricardo', '36', 'a√±o', 'col', 'miguel', 'hidalgo', 'posesi√≥n', 'ilegal', 'arma', 'fuego']",['Puebla'],['SSC_Pue'],47,0,7,167842439,Juan Carlos Valerio,JCarlos_Valerio,2010-07-17 11:17:46,0,633108,254,2022-02-10 19:28:52,2022,02,10,19,28,16,Miguel Hidalgo,-99.2045669144,19.4280623649
1492196564172881924,incendio,palabras clave,"#Hidalgo Incendio de terreno bald√≠o en  calle Alfonso Mart√≠nez Dom√≠nguez y Benito Ju√°rez, #Precauci√≥n al transitar por la zona, #TodosSomosProteccionCivil","['incendio', 'terreno', 'bald√≠o', 'calle', 'alfonso', 'mart√≠nez', 'dominguez', 'benito', 'juarez', 'transitar', 'zona']","['Hidalgo', 'Precauci√≥n', 'TodosSomosProteccionCivil']",[],7,0,1,882637993890246656,Protecci√≥n Civil NL,PC_NuevoLeon,2017-07-05 10:31:11,0,55839,400,2022-02-11 11:59:19,2022,02,11,11,59,14,Benito Ju√°rez,-99.1611346584,19.3806424162
1492196888178745351,incendio,palabras clave,"#Hidalgo Incendio de terreno bald√≠o en  calle Alfonso Mart√≠nez Dom√≠nguez y Benito Ju√°rez, #Precauci√≥n al transitar por la zona, #TodosSomosProteccionCivil","['incendio', 'terreno', 'bald√≠o', 'calle', 'alfonso', 'mart√≠nez', 'dominguez', 'benito', 'juarez', 'transitar', 'zona']","['Hidalgo', 'Precauci√≥n', 'TodosSomosProteccionCivil']",[],1,0,0,163705594,Erik Cavazos,ecavazos77,2010-07-06 20:29:27,0,1163,430,2022-02-11 12:00:36,2022,02,11,12,00,14,Benito Ju√°rez,-99.1611346584,19.3806424162
1492213765278175232,tr√°nsito,palabras clave,"@javiermalagon @MetrobusCDMX El metrobus q corre sobre avenida Tl√°huac es un desastre, se mete, rebasa y no tiene nada de precauci√≥n, parece q tienen la avenida para ellos solos, es una verdadera l√°stima de servicio que prestan, en la noche est√°n en doble fila en la terminal del metro causando tr√°fico","['metrobus', 'correr', 'avenida', 'tl√°huac', 'desastre', 'mete', 'rebasar', 'precauci√≥n', 'parecer', 'avenida', 'solos', 'verdadero', 'l√°stima', 'servicio', 'prestar', 'noche', 'doble', 'fila', 'terminal', 'metro', 'causar', 'tr√°fico']",[],"['javiermalagon', 'MetrobusCDMX']",0,2,0,533704639,Glossaryck,johnvmr,2012-03-22 18:58:19,0,4,15,2022-02-11 13:07:40,2022,02,11,13,07,11,Tl√°huac,-99.0028216137,19.2769983772
1492239847683203082,incendio,palabras clave,"#Reporterojo | Un sujeto que estaba en posesi√≥n ilegal de un arma de fuego, qued√≥ asegurado por polic√≠as municipales en la Avenida 16 de Septiembre, colonia Miguel Hidalgo.
https://t.co/O3Bm6ra7eA","['sujeto', 'posesi√≥n', 'ilegal', 'arma', 'fuego', 'quedar', 'asegurado', 'polic√≠a', 'municipal', 'avenida', '16', 'septiembre', 'colonia', 'miguel', 'hidalgo']",['Reporterojo'],[],0,0,0,186960744,Poder Pol√≠tico,PoderPoliticoMx,2010-09-04 15:53:44,0,2605,1044,2022-02-11 14:51:18,2022,02,11,14,51,16,Miguel Hidalgo,-99.2045669144,19.4280623649
1492239917744902147,incendio,palabras clave,"#Reporterojo | Un sujeto que estaba en posesi√≥n ilegal de un arma de fuego, qued√≥ asegurado por polic√≠as municipales en la Avenida 16 de Septiembre, colonia Miguel Hidalgo.
https://t.co/ildGHg3dk5","['sujeto', 'posesi√≥n', 'ilegal', 'arma', 'fuego', 'quedar', 'asegurado', 'polic√≠a', 'municipal', 'avenida', '16', 'septiembre', 'colonia', 'miguel', 'hidalgo']",['Reporterojo'],[],0,0,0,744553652673622020,Poder TV,PoderTV,2016-06-19 09:33:18,0,264,312,2022-02-11 14:51:35,2022,02,11,14,51,16,Miguel Hidalgo,-99.2045669144,19.4280623649
1492286102404747269,incendio,palabras clave,"¬°Precauci√≥n! Por el reporte de un #incendio, servicios de emergencia se aproximan a 5 de Febrero y 16 de Septiembre, alcald√≠a Cuauht√©moc.","['precauci√≥n', 'reporte', 'servicio', 'emergencia', 'aproximar', 'febrero', '16', 'septiembre', 'alcald√≠a', 'cuauhtemoc']",['incendio'],[],2,0,4,40098528,Radio Tr√°fico Total,trafico889,2009-05-14 16:06:13,1,897301,69,2022-02-11 17:55:06,2022,02,11,17,55,15,Cuauht√©moc,-99.1490557562,19.4313734294
1492287393856212999,incendio,palabras clave,Fue detenido Ricardo de 36 a√±os en la col. Miguel Hidalgo por posesi√≥n ilegal de una arma de fuego. Secretar√≠a de Seguridad P√∫blica  #Puebla https://t.co/XWcNIfABC5,"['detenido', 'ricardo', '36', 'a√±o', 'col', 'miguel', 'hidalgo', 'posesi√≥n', 'ilegal', 'arma', 'fuego', 'secretar√≠a', 'seguridad', 'p√∫blica']",['Puebla'],[],1,0,0,222348228,Jose Daniel Tecuanhuey Sanchez,nipsor,2010-12-02 22:26:25,0,1040,3757,2022-02-11 18:00:14,2022,02,11,18,00,16,Miguel Hidalgo,-99.2045669144,19.4280623649
1492686333801902080,pirotecnia,coordenadas,"Cuando llegu√©, la CdMx me recibi√≥ con fuegos artificiales. Hoy me despide as√≠.
.
Tan bonita la vida! en CDMX https://t.co/4PMcBsNGop","['llegar', 'cdmx', 'recibir', 'fuego', 'artificial', 'hoy', 'despedir', 'as√≠', 'tanto', 'bonito', 'vida', 'cdmx']",[],[],3,0,0,1319776363193061376,Almejandra (XXIII üéÇ),AlmejandraMx,2020-10-23 17:03:11,0,373,401,2022-02-12 20:25:29,2022,02,12,20,25,15,Cuauht√©moc,-99.13327,19.43295
1492693102557024259,tr√°nsito,palabras clave,"@EnTlalpan @PAOTmx A eso s√∫male el ruido diario por el transito, el de las rutas a√©reas que impusieron sobre tlalpan,y la constante e ilegal detonaci√≥n de cohetes y pirotecnia en la alcald√≠a.","['small', 'ruido', 'diario', 'transito', 'ruta', 'a√©reo', 'imponer', 'tlalpan', 'constante', 'ilegal', 'detonaci√≥n', 'cohete', 'pirotecnia', 'alcald√≠a']",[],"['EnTlalpan', 'PAOTmx']",2,0,0,494630846,MyBattle,My_Battle,2012-02-16 21:09:14,0,118,225,2022-02-12 20:52:23,2022,02,12,20,52,12,Tlalpan,-99.2062207957,19.1983396763
1492930620762300418,tr√°nsito,palabras clave,"Los camiones de alto tonelaje, circulan por avenidas pr√°cticamente   centrales.
-Los costos de mantenimiento quien asume? @gam_cochabamba ?
@mopsv_Bolivia? @AdmCarreterasBo?
- La ley de Cargas se aplica y controla?
- La Direcci√≥n de Tr√°nsito de la polic√≠a que funci√≥n cumple? https://t.co/S77wtMW4IV","['cami√≥n', 'alto', 'tonelaje', 'circular', 'avenida', 'pr√°cticamente', 'central', 'costo', 'mantenimiento', 'asumir', 'ley', 'carga', 'aplicar', 'controlar', 'direcci√≥n', 'tr√°nsito', 'polic√≠a', 'funci√≥n', 'cumplir']",[],"['gam_cochabamba', 'mopsv_Bolivia', 'AdmCarreterasBo']",10,3,3,140137313,KochaloBicicleteroEnmodoF√∫tbol,Alvarin73,2010-05-04 11:57:56,0,304,1057,2022-02-13 12:36:11,2022,02,13,12,36,5,Gustavo A. Madero,-69.6407623,-22.897682
1492949250648547329,tr√°nsito,palabras clave,"Personal de #Tr√°nsito realiza dispositivo en calle del Carmen, inmediaciones del Hospital Gregorio Salas, col. Centro, alcald√≠a Cuauht√©moc , para evitar el estacionamiento prohibido. https://t.co/pNoKR5wHmy","['personal', 'realizar', 'dispositivo', 'calle', 'carmen', 'inmediaciones', 'hospital', 'gregorio', 'salas', 'col', 'centro', 'alcald√≠a', 'cuauhtemoc', 'evitar', 'estacionamiento', 'prohibido']",['Tr√°nsito'],[],3,0,0,166594238,OVIAL_SSCCDMX,OVIALCDMX,2010-07-14 09:00:43,1,1935865,133,2022-02-13 13:50:13,2022,02,13,13,50,15,Cuauht√©moc,-99.1490557562,19.4313734294
1492952019417640960,tr√°nsito,palabras clave,"Conduzca con precauci√≥n. Accidente de tr√°nsito, Colonia Bienestar Social; Calle Aldama y Av. Miguel Hidalgo a una cuadra del estadio de f√∫tbol americano. #TuxtlaGuti√©rrez #Chiapas #911Emergencias","['conduzca', 'precauci√≥n', 'accidente', 'tr√°nsito', 'colonia', 'bienestar', 'social', 'calle', 'aljama', 'av', 'miguel', 'hidalgo', 'cuadra', 'estadio', 'f√∫tbol', 'americano']","['TuxtlaGuti√©rrez', 'Chiapas', '911Emergencias']",[],1,0,0,782303796428877824,911Chiapas,911chiapas,2016-10-01 13:38:54,0,9204,194,2022-02-13 14:01:13,2022,02,13,14,01,16,Miguel Hidalgo,-99.2045669144,19.4280623649
1492987238245937156,tr√°nsito,palabras clave,"Personal de #Tr√°nsito realiza dispositivo en Rep√∫blica de Per√∫, col. Centro, alcald√≠a Cuauht√©moc, para garantizar seguridad a la ciudadan√≠a y evitar estacionamiento prohibido. https://t.co/nbyR4oVlmQ","['personal', 'realizar', 'dispositivo', 'rep√∫blica', 'per√∫', 'col', 'centro', 'alcald√≠a', 'cuauhtemoc', 'garantizar', 'seguridad', 'ciudadan√≠a', 'evitar', 'estacionamiento', 'prohibido']",['Tr√°nsito'],[],3,1,0,166594238,OVIAL_SSCCDMX,OVIALCDMX,2010-07-14 09:00:43,1,1935865,133,2022-02-13 16:21:10,2022,02,13,16,21,15,Cuauht√©moc,-99.1490557562,19.4313734294
1492993276437311489,tr√°nsito,palabras clave,"Polic√≠as de #Tr√°nsito realizan dispositivo para la recuperaci√≥n de vialidades en Reforma y Av. Hidalgo, alcald√≠a Cuauht√©moc, para inhibir el estacionamiento prohibido. https://t.co/NLui96biIQ","['polic√≠a', 'realizar', 'dispositivo', 'recuperaci√≥n', 'vialidad', 'reforma', 'av', 'hidalgo', 'alcald√≠a', 'cuauhtemoc', 'inhibir', 'estacionamiento', 'prohibido']",['Tr√°nsito'],[],5,1,1,166594238,OVIAL_SSCCDMX,OVIALCDMX,2010-07-14 09:00:43,1,1935865,133,2022-02-13 16:45:10,2022,02,13,16,45,15,Cuauht√©moc,-99.1490557562,19.4313734294
1493040098908196864,tr√°nsito,palabras clave,"Conduzca con precauci√≥n, reportan accidente de tr√°nsito en Colonia Francisco I Madero, C. 21 de Octubre y Av. Miguel Hidalgo. #ChiapaDeCorzo #Chiapas #911Emergencias","['conduzca', 'precauci√≥n', 'reportar', 'accidente', 'tr√°nsito', 'colonia', 'francisco', 'madero', '21', 'octubre', 'av', 'miguel', 'hidalgo']","['ChiapaDeCorzo', 'Chiapas', '911Emergencias']",[],3,0,1,782303796428877824,911Chiapas,911chiapas,2016-10-01 13:38:54,0,9204,194,2022-02-13 19:51:13,2022,02,13,19,51,16,Miguel Hidalgo,-99.2045669144,19.4280623649
1493285229833998336,tr√°nsito,palabras clave,@danny242mx @Alc_Iztapalapa @GobNeza @SSPCMexico @CoalicionMS Los sem√°foros est√°n a cargo de @cdmx_ssc la subsecretaria de control de tr√°nsito de Jorge Alfredo Alcocer en  jaalcocer@ssc.cdmx.gob.mx hay que preguntarle c√≥mo ayudamos denunciar sem√°foros descompuestos en zonas escolares y otros lugares a ver si @OHarfuch nos echa una mano,"['sem√°foro', 'cargo', 'subsecretario', 'control', 'tr√°nsito', 'jorge', 'alfredo', 'acoger', 'jaalcocer', 'cdmx', 'gob', 'mx', 'preguntar √©l', 'c√≥mo', 'ayudar', 'denunciar', 'sem√°foro', 'descompuesto', 'zona', 'escolar', 'lugar', 'ver', 'si', 'echar', 'mano']",[],"['danny242mx', 'Alc_Iztapalapa', 'GobNeza', 'SSPCMexico', 'CoalicionMS', 'cdmx_ssc', 'OHarfuch']",0,1,0,81932136,Cruce Escolar Seguro,CruceroSeguro,2009-10-12 15:23:52,0,852,97,2022-02-14 12:05:17,2022,02,14,12,05,7,Iztapalapa,-99.0567989642,19.3491663204
1493568410713833472,tr√°nsito,palabras clave,Eduardo Molina y San Juan de Arag√≥n en la GAM otro hecho de Tr√°nsito d√≥nde un tr√°iler se ve involucrado. Precauci√≥n https://t.co/cZ3wXtl6SO,"['eduardo', 'molina', 'san', 'juan', 'drag√≥n', 'gam', 'hecho', 'tr√°nsito', 'd√≥nde', 'tr√°iler', 'ver', 'involucrado', 'precauci√≥n']",[],[],17,0,6,745263602,Condorelampago312,luismiguelbaraa,2012-08-08 08:08:02,0,35165,1086,2022-02-15 06:50:32,2022,02,15,06,50,5,Gustavo A. Madero,-99.315748,19.087511
1493686536591794180,tr√°nsito,palabras clave,"Autopista #Cuernavaca #Cdmx precauci√≥n ‚ö†Ô∏è accidente km26 esto es antes de llegar a la caseta de #Tlalpan, tr√°nsito lento en las curvas de Topilejo. 
14:39","['autopista', 'precauci√≥n', 'accidente', 'km26', 'llegar', 'caseta', 'tr√°nsito', 'lento', 'curva', 'topillo', '14', '39']","['Cuernavaca', 'Cdmx', 'Tlalpan']",[],10,0,2,315451237,YO LO VI.,Gato_Samm,2011-06-11 16:06:46,0,14946,13,2022-02-15 14:39:56,2022,02,15,14,39,12,Tlalpan,-99.2062207957,19.1983396763
1493972290123579392,tr√°nsito,palabras clave,"Personal de #Tr√°nsito realiza dispositivo en ciclov√≠a de Avenida Azcapotzalco, colonia Santa Mar√≠a, @AzcapotzalcoMx, para inhibir estacionamiento prohibido. https://t.co/jF5HjydDmj","['personal', 'realizar', 'dispositivo', 'ciclov√≠a', 'avenida', 'azcapotzalco', 'colonia', 'santa', 'mar√≠a', 'inhibir', 'estacionamiento', 'prohibido']",['Tr√°nsito'],['AzcapotzalcoMx'],18,3,3,166594238,OVIAL_SSCCDMX,OVIALCDMX,2010-07-14 09:00:43,1,1935861,133,2022-02-16 09:35:25,2022,02,16,09,35,2,Azcapotzalco,-99.1821069423,19.4853286147
1494042491850571778,tr√°nsito,palabras clave,"Bruselas y Av M√©xico, colonia del Carmen Coyoacan, estorbando muy a gusto en doble fila, entre las obras y los estacionados sobre av M√©xico a pesar del los discos de prohibido @Alcaldia_Coy @UCS_GCDMX @transito_CDMX diario es lo mismo meta trabajen https://t.co/Ndo6DnPfgq","['bruselas', 'av', 'm√©xico', 'colonia', 'carmen', 'colocar', 'estirar', 'gusto', 'doble', 'fila', 'obra', 'estacionado', 'av', 'm√©xico', 'pesar', 'discos', 'prohibido', 'diario', 'mismo', 'meta', 'trabajen']",[],"['Alcaldia_Coy', 'UCS_GCDMX', 'transito_CDMX']",3,2,1,194382133,‚ìã‚í∫‚ìá‚ìÑ‚ìÉ‚íæ‚í∏‚í∂,Doti2376,2010-09-23 18:20:01,0,308,754,2022-02-16 14:14:22,2022,02,16,14,14,3,Coyoac√°n,-99.1503763525,19.3266672536
1494083162783330312,tr√°nsito,palabras clave,"Personal de #Tr√°nsito realiza recorridos en ciclov√≠a de Rio Rhin col. Cuauht√©moc @AlcCuauhtemocMx, de R√≠o Nazas a Paseo de la Reforma, con el fin de evitar estacionamiento prohibido e invasi√≥n a la misma. https://t.co/chweogYx19","['personal', 'realizar', 'recorrido', 'ciclov√≠a', 'rio', 'rain', 'col', 'cuauhtemoc', 'r√≠o', 'razas', 'paseo', 'reforma', 'fin', 'evitar', 'estacionamiento', 'prohibido', 'invasi√≥n', 'mismo']",['Tr√°nsito'],['AlcCuauhtemocMx'],1,0,0,166594238,OVIAL_SSCCDMX,OVIALCDMX,2010-07-14 09:00:43,1,1935865,133,2022-02-16 16:55:59,2022,02,16,16,55,15,Cuauht√©moc,-99.1490557562,19.4313734294
1494387406115590153,tr√°nsito,coordenadas,"@AsafOmar @FiscaliaCDMX , que procede en estos momentos?

Ni los de tr√°nsito son capaces de multar y con ustedes tenemos que abrir archivo para aplicar una denuncia formal, ya que fotos y llamada telef√≥nica no aplica...","['proceder', 'momento', 'tr√°nsito', 'capaz', 'multar', 't√∫', 'abrir', 'archivo', 'aplicar', 'denuncia', 'formal', 'foto', 'llamada', 'telef√≥nico', 'aplicar']",[],"['AsafOmar', 'FiscaliaCDMX']",0,0,0,2841489245,LSantiago,TacticEvil,2014-10-22 14:13:03,0,1056,973,2022-02-17 13:04:56,2022,02,17,13,04,12,Tlalpan,-99.1600234,19.152878
1494822056025800707,tr√°nsito,coordenadas,"Urge polic√≠a de tr√°nsito que haga valer el reglamento en el cruce de eje 4 sur e insurgentes. El metrob√∫s invariablemente se pasa el alto, los autos dan vuelta prohibida cruzando el@carril del metrob√∫s , etc. @UCS_GCDMX","['urgir', 'polic√≠a', 'tr√°nsito', 'hacer', 'valer', 'reglamento', 'cruce', 'eje', 'sur', 'insurgente', 'metrob√∫s', 'invariablemente', 'pasar', 'alto', 'auto', 'dar', 'vuelta', 'prohibido', 'cruzar', 'metrob√∫s', 'etc']",[],['UCS_GCDMX'],1,1,0,83719429,Ricardo Hern√°ndez Forcada,richforcada,2009-10-19 17:42:09,0,3093,2910,2022-02-18 17:52:05,2022,02,18,17,52,16,Miguel Hidalgo,-99.1843501,19.3998346
1494877182598037513,tr√°nsito,palabras clave,"hoy estaba manejando en el tr√°fico de tlalpan, escuchando m√∫sica con el volumen innecesariamente alto como de costumbre, cuando una peque√±a se acerca a la ventana de su carro y me pregunta q como se llamaba la canci√≥nü•∫‚Ä¶ sent√≠ bien lindo compartir m√∫sica con el carro de al lado","['hoy', 'manejar', 'tr√°fico', 'tlalpan', 'escuchar', 'm√∫sica', 'volumen', 'innecesariamente', 'alto', 'costumbre', 'peque√±o', 'acerca', 'ventana', 'carro', 'pregunta', 'llamar', 'canci√≥n', 'sentir', 'bien', 'lindo', 'compartir', 'm√∫sica', 'carro', 'lado']",[],[],3,1,0,1739602866,‚òÅÔ∏é‚ãÜ‚òæ‚ãÜ,daanicabrerraa,2013-09-06 20:31:58,0,296,189,2022-02-18 21:31:08,2022,02,18,21,31,12,Tlalpan,-99.2062207957,19.1983396763
1495053189401436163,tr√°nsito,palabras clave,"Oficiales de #Tr√°nsito establecen dispositivo de seguridad y vialidad en Calz. Ermita Iztapalapa a la altura de CETRAM Metro Constituci√≥n de 1917, para inhibir estacionamiento prohibido y agilizar la circulaci√≥n. https://t.co/6y6l0kD1bi","['oficial', 'establecer', 'dispositivo', 'seguridad', 'vialidad', 'call', 'ermita', 'iztapalapa', 'altura', 'central', 'metro', 'constituci√≥n', '1917', 'inhibir', 'estacionamiento', 'prohibido', 'agilizar', 'circulaci√≥n']",['Tr√°nsito'],[],31,2,2,166594238,OVIAL_SSCCDMX,OVIALCDMX,2010-07-14 09:00:43,1,1935861,133,2022-02-19 09:10:31,2022,02,19,09,10,7,Iztapalapa,-99.0567989642,19.3491663204
1495096003778822145,incendio,palabras clave,"@Claudiashein Tienes prohibido hablar de la L12, del beb√© muerto sacado de un pante√≥n en Iztapalapa, del incendio del centro de control del metro, de los miles de muertos por tu p√©simo manejo de la pandemia, ah!","['prohibido', 'hablar', 'l12', 'beb√©', 'muerto', 'sacado', 'pante√≥n', 'iztapalapa', 'incendio', 'centro', 'control', 'metro', 'mil', 'muerto', 'p√©simo', 'manejo', 'pandemia', 'ah']",[],['Claudiashein'],0,0,0,38521067,Marisun,marisunc,2009-05-07 15:26:20,0,257,297,2022-02-19 12:00:39,2022,02,19,12,00,7,Iztapalapa,-99.0567989642,19.3491663204
1495141446676099072,incendio,palabras clave,"@JoseCarlosXoch @TuAlcaldiaGAM @IztacalcoAl @Alc_Iztapalapa @TlahuacRenace @A_VCarranza @GobMilpaAlta Pregunta seria. El proyecto d reproducir sustentablemente el ajolote me parece un rasgo muy bueno, pero ¬øSab√≠an que son animalitos sensibles a luz solar, al estr√©s q se les puede causar mediante el humo, el contacto humano? ¬øAlg√∫n bi√≥logo (a) les advirti√≥ d √©sto? 1/2","['pregunta', 'serio', 'proyecto', 'reproducir', 'sustentablemente', 'guajolote', 'parecer', 'rasgo', 'bueno', 'saber', 'animalito', 'sensible', 'luz', 'solar', 'estr√©s', 'poder', 'causar', 'mediante', 'humo', 'contacto', 'humano', 'alguno', 'bi√≥logo', 'advertir', 'este']",[],"['JoseCarlosXoch', 'TuAlcaldiaGAM', 'IztacalcoAl', 'Alc_Iztapalapa', 'TlahuacRenace', 'A_VCarranza', 'GobMilpaAlta']",9,1,0,117524047,Enrique L,ChicoMigrana37,2010-02-25 14:46:22,0,266,771,2022-02-19 15:01:13,2022,02,19,15,01,7,Iztapalapa,-99.0567989642,19.3491663204
1495144338384379908,tr√°nsito,palabras clave,"‚ö†Ô∏è PRECAUCI√ìN ‚ö†Ô∏è 

Tr√°fico pesado sobre Venustiano Carranza de norte a sur, por accidente vial entre dos veh√≠culos arriba del puente Pedro Figueroa; no se reportan lesionados graves 
 #Saltillo #Coahuila https://t.co/ITKzrnlgba","['precauci√≥n', 'tr√°fico', 'pesado', 'venustiano', 'carranza', 'norte', 'sur', 'accidente', 'vial', 'dos', 'veh√≠culo', 'arriba', 'puente', 'pedro', 'figueroa', 'reportar', 'lesionado', 'grave']","['Saltillo', 'Coahuila']",[],1,0,0,48206728,El Diario de Coahuila,DiarioCoahuila,2009-06-17 20:06:42,0,45620,957,2022-02-19 15:12:43,2022,02,19,15,12,17,Venustiano Carranza,-99.0931057959,19.4304954545
1495157463930265601,tr√°nsito,coordenadas,"@HectorN72831019 @RaulGtzNR Y no nada m√°s la le√≠, tambi√©n la escrib√≠ para un peri√≥dico. La regla es que con o sin alto, el TREN TIENE PREFERENCIA. Hay que leer pero los reglamentos de tr√°nsito üòâ","['leer', 'escribir', 'peri√≥dico', 'regla', 'alto', 'tren', 'preferencia', 'leer', 'reglamento', 'tr√°nsito']",[],"['HectorN72831019', 'RaulGtzNR']",1,0,0,112021948,Mariana E. Bonilla F.,MayanaEBF,2010-02-06 18:33:59,0,621,2092,2022-02-19 16:04:52,2022,02,19,16,04,12,Tlalpan,-99.2058092,19.2970107
1495193176201699330,incendio,coordenadas,@C5_CDMX quiero reportar un holor a qu√© mando en la calle d√© Alba no se si all√° un incendio,"['querer', 'reportar', 'color', 'mando', 'calle', 'dar', 'alba', 'si', 'all√°', 'incendio']",[],['C5_CDMX'],0,0,0,1429309707257266181,Vvbn,Vvbn84630092,2021-08-21 23:09:39,0,42,518,2022-02-19 18:26:47,2022,02,19,18,26,12,Tlalpan,-99.2058092,19.2970107
1495231175366959109,incendio,coordenadas,"@Claudiashein C. Sheinbaum @Claudiashein tiene prohibido hablar de:

El Colegio Rebsamen
Tus diferencias con @HLGatell
El dinero que les dio Ahumada
La L12
Tus experimentos m√©dicos
Tu gasto millonario en imagen
Tu fuego amigo contra compas de Morena","['sheinbaum', 'prohibido', 'hablar', 'colegio', 'rebsamentus', 'diferencia', 'dinero', 'dar', 'ahumada', 'l12tus', 'experimento', 'm√©dico', 'gasto', 'millonario', 'imagen', 'fuego', 'amigo', 'compas', 'morena']",[],"['Claudiashein', 'Claudiashein', 'HLGatell']",0,0,0,48003459,Claustrospelunker,4C1D_H34D,2009-06-17 09:49:54,0,255,885,2022-02-19 20:57:46,2022,02,19,20,57,12,Tlalpan,-99.1600234,19.152878
1495749766290022403,tr√°nsito,palabras clave,"üö®#VialidadSLP üö® Precauci√≥n ‚ö†Ô∏è Polic√≠a Vial abandera dos hechos de tr√°nsito en carretera 57, ambos cercanos al Distribuidor Benito Ju√°rez
El primer hecho hacia el ramal que conecta con av. Salvador Nava Mtz
2do. Hechos en carril de descenso del D. Ju√°rez hacia Z. Industrial https://t.co/IztmCmyUHM","['precauci√≥n', 'polic√≠a', 'vial', 'bandera', 'dos', 'hecho', 'tr√°nsito', 'carretera', '57', 'ambos', 'cercano', 'distribuidor', 'benito', 'ju√°rezel', 'primero', 'hecho', 'hacia', 'ramal', 'conectar', 'av', 'salvador', 'nava', 'mtz2do', 'hecho', 'carril', 'descenso', 'juarez', 'hacia', 'industrial']",['VialidadSLP'],[],10,1,1,1049365450566422528,Secretar√≠a de Seguridad y Protecci√≥n Ciudadana SLP,SSPCSLP,2018-10-08 12:26:34,1,17111,224,2022-02-21 07:18:28,2022,02,21,07,18,14,Benito Ju√°rez,-99.1611346584,19.3806424162
1495750531779809281,tr√°nsito,palabras clave,"#accidentevial | PRECAUCI√ìN 

Polic√≠a Vial abandera dos hechos de tr√°nsito en carretera 57, ambos cercanos al Distribuidor Benito Ju√°rez. 

El primer hecho hacia el ramal que conecta con av. Salvador Nava Mtz

2do. Hechos en carril de descenso del D. Ju√°rez hacia Z. Industrial https://t.co/oEfE985ZUU","['precauci√≥n', 'polic√≠a', 'vial', 'bandera', 'dos', 'hecho', 'tr√°nsito', 'carretera', '57', 'ambos', 'cercano', 'distribuidor', 'benito', 'juarez', 'primero', 'hecho', 'hacia', 'ramal', 'conectar', 'av', 'salvador', 'nava', 'mtz2do', 'hecho', 'carril', 'descenso', 'juarez', 'hacia', 'industrial']",['accidentevial'],[],1,0,0,710329872661360641,EosNoticiasSLP,EosNoticiasSLP,2016-03-16 23:00:13,0,2651,448,2022-02-21 07:21:31,2022,02,21,07,21,14,Benito Ju√°rez,-99.1611346584,19.3806424162
1495761733453025292,tr√°nsito,palabras clave,"üö®#VialidadSLP üö® Precauci√≥n ‚ö†Ô∏è Polic√≠a Vial abandera dos hechos de tr√°nsito en carretera 57, ambos cercanos al Distribuidor Benito Ju√°rez

El primer hecho hacia el ramal que conecta con av. Salvador Nava Mtz

2do. Hechos en carril de descenso del D. Ju√°rez hacia Z. Industrial. https://t.co/dm3zSx3uTj","['precauci√≥n', 'polic√≠a', 'vial', 'bandera', 'dos', 'hecho', 'tr√°nsito', 'carretera', '57', 'ambos', 'cercano', 'distribuidor', 'benito', 'ju√°rezel', 'primero', 'hecho', 'hacia', 'ramal', 'conectar', 'av', 'salvador', 'nava', 'mtz2do', 'hecho', 'carril', 'descenso', 'juarez', 'hacia', 'industrial']",['VialidadSLP'],[],0,0,0,2829000592,kript√≥n.mx,kriptonmx,2014-10-13 22:27:54,0,1777,1959,2022-02-21 08:06:01,2022,02,21,08,06,14,Benito Ju√°rez,-99.1611346584,19.3806424162
1495789641378770950,incendio,palabras clave,"Lo har√≠a para tu conocimiento he recibido GOLPES, AMENAZAS y Disparos de Arma de Fuego por parte de las Autoridades de la Alcald√≠a Venustiano Carranza tengo mis Escritos y Averiguaciones Preciosa hoy en d√≠a (Carpetas de Investigaci√≥n) y todo por DENUNCIAR,@CFE_Contigo ,@RuizGal8 https://t.co/a9WzyRNCMu https://t.co/T6HqUxoibx","['hacer', 'conocimiento', 'recibido', 'golpe', 'amenaza', 'disparo', 'arma', 'fuego', 'parte', 'autoridad', 'alcald√≠a', 'venustiano', 'carranza', 'escrito', 'averiguaci√≥n', 'precioso', 'hoy', 'd√≠a', 'carpeta', 'investigaci√≥n', 'denunciar']",[],"['CFE_Contigo', 'RuizGal8']",0,0,0,1108489467134992385,Macruz,Macruz76701932,2019-03-20 16:04:18,0,3270,2964,2022-02-21 09:56:55,2022,02,21,09,56,17,Venustiano Carranza,-99.0931057959,19.4304954545
1495891661293039619,tr√°nsito,palabras clave,"Derivado de una denuncia ciudadana, el agente del Ministerio P√∫blico de la Fiscal√≠a de Investigaci√≥n Territorial en Iztapalapa llev√≥ a cabo las indagatorias que permitieron identificar el inmueble como posible punto de venta de drogas y de probable tr√°fico de personas","['derivado', 'denuncia', 'ciudadano', 'agente', 'ministerio', 'p√∫blico', 'fiscal√≠a', 'investigaci√≥n', 'territorial', 'iztapalapa', 'llevar', 'cabo', 'indagatorio', 'permitir', 'identificar', 'inmueble', 'posible', 'punto', 'venta', 'droga', 'probable', 'tr√°fico', 'persona']",[],[],1,1,1,561471584,Fiscal√≠a CDMX,FiscaliaCDMX,2012-04-23 15:12:02,1,442146,184,2022-02-21 16:42:19,2022,02,21,16,42,7,Iztapalapa,-99.0567989642,19.3491663204
1495988745018949635,incendio,palabras clave,"@jisalorena @c4jimenez @Alc_Iztapalapa @FiscaliaCDMX @SEDENAmx @telediario Excelente observaci√≥n trae en la sangre lo #padrote y tiene el perfil de un #FuturoDealerYDelincuente.
Es un hecho muy grave que las autoridades no pueden pasar por alto. Un arma de fuego se porta para usarla en defensa propia no para amedentrar a la rata","['excelente', 'observaci√≥n', 'traer', 'sangre', 'perfil', 'hecho', 'grave', 'autoridad', 'poder', 'pasar', 'alto', 'arma', 'fuego', 'portar', 'usar √©l', 'defensa', 'propio', 'amedrentar', 'rata']","['padrote', 'FuturoDealerYDelincuente']","['jisalorena', 'c4jimenez', 'Alc_Iztapalapa', 'FiscaliaCDMX', 'SEDENAmx', 'telediario']",0,1,0,2374613665,Topgun,blackhawk_57,2014-03-05 19:32:48,0,56,176,2022-02-21 23:08:05,2022,02,21,23,08,7,Iztapalapa,-99.0567989642,19.3491663204
1495991996330172417,tr√°nsito,palabras clave,"Despu√©s de recibir una denuncia, la Fiscal√≠a realiz√≥ un cateo en el domicilio donde hallaron a 4 mujeres, 21 hombres y 1 menor en terribles condiciones siendo v√≠ctimas de tr√°fico. #CDMX #Iztapalapa @FiscaliaCDMX 
https://t.co/UnbusaSupW","['despu√©s', 'recibir', 'denuncia', 'fiscal√≠a', 'realizar', 'cameo', 'domicilio', 'hallar', 'mujer', '21', 'hombre', 'menor', 'terrible', 'condici√≥n', 'ser', 'v√≠ctima', 'tr√°fico']","['CDMX', 'Iztapalapa']",['FiscaliaCDMX'],1,0,0,142811824,Quinta Fuerza,QuintaFuerzaMX,2010-05-11 14:48:45,0,20761,495,2022-02-21 23:21:00,2022,02,21,23,21,7,Iztapalapa,-99.0567989642,19.3491663204
1495992191625351172,tr√°nsito,palabras clave,"Despu√©s de recibir una denuncia, la Fiscal√≠a realiz√≥ un cateo en el domicilio donde hallaron a 4 mujeres, 21 hombres y 1 menor en terribles condiciones siendo v√≠ctimas de tr√°fico. #CDMX #Iztapalapa @FiscaliaCDMX 
https://t.co/Y0cRMl7VnF","['despu√©s', 'recibir', 'denuncia', 'fiscal√≠a', 'realizar', 'cameo', 'domicilio', 'hallar', 'mujer', '21', 'hombre', 'menor', 'terrible', 'condici√≥n', 'ser', 'v√≠ctima', 'tr√°fico']","['CDMX', 'Iztapalapa']",['FiscaliaCDMX'],0,0,0,3293596903,Quinta Fuerza,QuintaFuerzaROO,2015-07-25 14:25:52,0,1018,585,2022-02-21 23:21:47,2022,02,21,23,21,7,Iztapalapa,-99.0567989642,19.3491663204
1496230657034444807,incendio,palabras clave,"üî¥#CDMX| Luego de que un menor se lesionara con una arma de fuego en una escuela secundaria de #Iztapalapa, se inform√≥ que una menor result√≥ presuntamente herida por una esquirla, y se present√≥ una denuncia ante la #FGJCDMX
üì∏Cuartoscuro
#DiariodeMexico
https://t.co/wuCHxPzjZa https://t.co/FVZ2oR4i3D","['luego', 'menor', 'lesionar', 'arma', 'fuego', 'escuela', 'secundario', 'informar', 'menor', 'resultar', 'presuntamente', 'herido', 'esquirla', 'presentar', 'denuncia', 'claroscuro']","['CDMX', 'Iztapalapa', 'FGJCDMX', 'DiariodeMexico']",[],4,0,4,98670246,Diario de M√©xico,DDMexico,2009-12-22 10:35:35,0,17318,1739,2022-02-22 15:09:21,2022,02,22,15,09,7,Iztapalapa,-99.0567989642,19.3491663204
1496266105194692608,incendio,palabras clave,"La @FiscaliaCDMX investiga una denuncia por el delito de lesiones, posiblemente por una esquirla de bala, tras los hechos ocurridos este lunes en una secundaria de Iztapalapa, donde un adolescente se autolesion√≥ con un arma de fuego.
https://t.co/Ow7Gjp51Ks","['investigar', 'denunciar', 'delito', 'lesi√≥n', 'posiblemente', 'esquirla', 'bala', 'tras', 'hecho', 'ocurrido', 'lunes', 'secundaria', 'iztapalapa', 'adolescente', 'autolesionar', 'arma', 'fuego']",[],['FiscaliaCDMX'],8,0,3,84613584,Animal Pol√≠tico,Pajaropolitico,2009-10-23 09:13:11,1,2655417,13335,2022-02-22 17:30:13,2022,02,22,17,30,7,Iztapalapa,-99.0567989642,19.3491663204
1496290379263614983,incendio,palabras clave,"19:05 #Precauci√≥nVial | Servicios de emergencia acuden a Rep√∫blica de Brasil y Rep√∫blica de Honduras, alcald√≠a Cuauht√©moc, por reporte de incendio. Conduce con precauci√≥n y cede el paso. https://t.co/jCNpFM4IlL","['19', '05', 'servicio', 'emergencia', 'acudir', 'rep√∫blica', 'brasil', 'rep√∫blica', 'honduras', 'alcald√≠a', 'cuauhtemoc', 'reporte', 'incendio', 'conducir', 'precauci√≥n', 'ceder', 'paso']",['Precauci√≥nVial'],[],1,0,0,166594238,OVIAL_SSCCDMX,OVIALCDMX,2010-07-14 09:00:43,1,1935862,133,2022-02-22 19:06:40,2022,02,22,19,06,15,Cuauht√©moc,-99.1490557562,19.4313734294
1496377087866941440,incendio,palabras clave,"La @FiscaliaCDMX revel√≥ que investiga una denuncia por el delito de lesiones, por una esquirla, en agravio de una adolescente, luego de que Uzziel Isaac manipulara una arma de fuego en una Secundaria de #Iztapalapa. https://t.co/kj3VKG7Gvb","['revel√≥', 'investigar', 'denuncia', 'delito', 'lesi√≥n', 'esquirla', 'agravio', 'adolescente', 'luego', 'uzel', 'isaac', 'manipular', 'arma', 'fuego', 'secundario']",['Iztapalapa'],['FiscaliaCDMX'],2,0,1,193354323,Guillermo Espinosa,Guiesga,2010-09-21 10:29:20,0,3520,1966,2022-02-23 00:51:13,2022,02,23,00,51,7,Iztapalapa,-99.0567989642,19.3491663204
1496481251624116226,tr√°nsito,coordenadas,"Precauci√≥n vecinos ‚ö† @vecinosnapoles @Seg_NapolesDF @OmarGalo1
@LaNapoles_News
@LaNapolesCdMx
otra vez accidente de tr√°nsito 7:35 am en la #EsquinaDelChoque #PennsylvaniaYRochester motociclista ca√≠do!! https://t.co/YRPHy10WPw","['precauci√≥n', 'vecino', 'vez', 'accidente', 'tr√°nsito', '35', 'am', 'motociclista', 'ca√≠do']","['EsquinaDelChoque', 'PennsylvaniaYRochester']","['vecinosnapoles', 'Seg_NapolesDF', 'OmarGalo1', 'LaNapoles_News', 'LaNapolesCdMx']",8,2,11,272649670,Pauline,PauPumita9,2011-03-26 16:28:09,0,362,902,2022-02-23 07:45:08,2022,02,23,07,45,10,√Ålvaro Obreg√≥n,-99.1919955,19.357102
1496483414228320257,incendio,palabras clave,"Polic√≠as de @SSC_CDMX detuvieron a un hombre que posiblemente asalt√≥ una recicladora, ubicada en calles de la alcald√≠a #Azcapotzalco, donde el sujeto amag√≥ con un arma de fuego a su propietario.

#Den√∫ncia https://t.co/3uJHU7aw3c","['polic√≠a', 'detener', 'hombre', 'posiblemente', 'asaltar', 'reciclado', 'ubicado', 'calle', 'alcald√≠a', 'sujeto', 'apagar', 'arma', 'fuego', 'propietario']","['Azcapotzalco', 'Den√∫ncia']",['SSC_CDMX'],232,1,48,293063533,JORGE BECERRIL JB/8,MrElDiablo8,2011-05-04 12:00:15,1,172344,888,2022-02-23 07:53:43,2022,02,23,07,53,2,Azcapotzalco,-99.1821069423,19.4853286147
1496696537354850313,incendio,coordenadas,"Ahora la representaci√≥n rusa üá∑üá∫ ante el Consejo de Seguridad de la @UN declara que Ucrania no est√° dispuesta a cumplir con los Acuerdos de Minsk (como el alto al fuego bilateral y la continuaci√≥n al di√°logo):

                      üëáüèºüëáüèºüëáüèº https://t.co/GV5XFVkFmd","['ahora', 'representaci√≥n', 'ruso', 'consejo', 'seguridad', 'declarar', 'ucrania', 'dispuesto', 'cumplir', 'acuerdo', 'minsk', 'alto', 'fuego', 'bilateral', 'continuaci√≥n', 'di√°logo']",[],['UN'],3,0,0,1423024494164197390,Klaus Ritter,KlausRitter,2021-08-04 14:54:25,0,644,704,2022-02-23 22:00:36,2022,02,23,22,00,16,Miguel Hidalgo,-99.1843501,19.3998346
1496711914344398849,incendio,palabras clave,"‚ö†Ô∏è#Precauci√≥nüö®üöíServicios de emergencia en camino a üî•incendio de f√°brica en la colonia Santa Mar√≠a Aztahuacan, @Alc_Iztapalapa.

#911CDMX #C5 https://t.co/CrV3HEBfBv","['emergencia', 'camino', 'incendio', 'f√°brica', 'colonia', 'santa', 'mar√≠a', 'aztahuacan']","['Precauci√≥n', '911CDMX', 'C5']",['Alc_Iztapalapa'],51,1,15,195951901,C5 CDMX,C5_CDMX,2010-09-27 17:51:04,1,926206,763,2022-02-23 23:01:42,2022,02,23,23,01,7,Iztapalapa,-99.0567989642,19.3491663204
1496869720716455947,tr√°nsito,palabras clave,@AlcaldiaAO es un verdadero desmadre el cruce de Francisco I Madero y Camino viejo a Mixcoac en Colonia San Bartolo que colinda con Cuajimalpa. Es una zona de alto tr√°nsito ya que convergen varias colonias ah√≠ para salir. Urge despejen la parada de autobuses,"['verdadero', 'desmedro', 'cruce', 'francisco', 'madero', 'camino', 'viejo', 'mixcoac', 'colonia', 'san', 'barroco', 'colinda', 'cuajimalpa', 'zona', 'alto', 'tr√°nsito', 'convergir', 'varios', 'colonia', 'ah√≠', 'salir', 'urge', 'despeje', 'parada', 'autob√∫s']",[],['AlcaldiaAO'],0,0,0,95441231,Paola Olas,PaolaolaS,2009-12-08 09:28:25,0,106,204,2022-02-24 09:28:46,2022,02,24,09,28,4,Cuajimalpa de Morelos,-99.3107285253,19.3246343001
1497048459916066816,incendio,palabras clave,¬°Precauci√≥n! Movilizaci√≥n de cuerpos de emergencia por reporte de incendio en Calzada de los Leones y Guti√©rrez Zamora en √Ålvaro Obreg√≥n.,"['precauci√≥n', 'movilizaci√≥n', 'cuerpo', 'emergencia', 'reporte', 'incendio', 'calzado', 'le√≥n', 'gutierrez', 'zamora', 'alvaro', 'obregon']",[],[],9,1,4,40098528,Radio Tr√°fico Total,trafico889,2009-05-14 16:06:13,1,897301,69,2022-02-24 21:19:01,2022,02,24,21,19,10,√Ålvaro Obreg√≥n,-99.246819712,19.336175562
1497057544249954307,incendio,palabras clave,"Precauci√≥n ‚ö†Ô∏è EVITEN LA ZONA 

Incendio en el Office Depot de Calzada de los Leones y Gutierrez Zamora en √Ålvaro Obreg√≥n https://t.co/uy5R91gEJx","['precauci√≥n', 'eviten', 'zona', 'incendio', 'office', 'depot', 'calzado', 'le√≥n', 'gutierrez', 'zamora', 'alvaro', 'obregon']",[],[],1,0,2,3282774968,YaNoMas,NoMasCondosAO,2015-07-17 16:19:14,0,4883,345,2022-02-24 21:55:07,2022,02,24,21,55,10,√Ålvaro Obreg√≥n,-99.246819712,19.336175562
1497061570316226560,incendio,palabras clave,"Precauci√≥n ‚ö†Ô∏è‚ö†Ô∏è

Incendio en el Office Depot de Calzada de los Leones y Gutierrez Zamora frente a la gasolinera de las Flores √Ålvaro Obreg√≥n https://t.co/b3la0YflQ9","['precauci√≥n', 'incendio', 'office', 'depot', 'calzada', 'leones', 'gutierrez', 'zamora', 'frente', 'gasolinera', 'flores', 'alvaro', 'obregon']",[],[],37,0,22,3282774968,YaNoMas,NoMasCondosAO,2015-07-17 16:19:14,0,4883,345,2022-02-24 22:11:07,2022,02,24,22,11,10,√Ålvaro Obreg√≥n,-99.246819712,19.336175562
1497067346057261059,incendio,palabras clave,"La Alcald√≠a Azcapotzalco informa que el incendio suscitado esta tarde en las bodegas del SAT, ubicadas en el Barrio de Coltongo, fue sofocado por los diferentes cuerpos de emergencia. Sin reportar heridos o lesionados. https://t.co/6e3QSzwiJB","['alcald√≠a', 'azcapotzalco', 'informar', 'incendio', 'suscitado', 'tarde', 'bodega', 'sat', 'ubicado', 'barrio', 'colono', 'sofocado', 'diferente', 'cuerpo', 'emergencia', 'reportar', 'herido', 'lesionado']",[],[],33,1,8,81905085,Alcald√≠a Azcapotzalco,AzcapotzalcoMx,2009-10-12 13:10:49,0,59305,471,2022-02-24 22:34:04,2022,02,24,22,34,2,Azcapotzalco,-99.1821069423,19.4853286147
1497319967796207617,tr√°nsito,palabras clave,"Personal de #Tr√°nsito realiza dispositivo en ciclov√≠a de Av. Frontera de Chapultepec a la Av. √Ålvaro Obreg√≥n, @AlcCuauhtemocMx, con el fin de evitar estacionamiento prohibido e invasi√≥n a la misma. https://t.co/vKTKbVhFnk","['personal', 'realizar', 'dispositivo', 'ciclov√≠a', 'av', 'frontera', 'chapultepec', 'av', 'alvaro', 'obregon', 'fin', 'evitar', 'estacionamiento', 'prohibido', 'invasi√≥n', 'mismo']",['Tr√°nsito'],['AlcCuauhtemocMx'],5,0,0,166594238,OVIAL_SSCCDMX,OVIALCDMX,2010-07-14 09:00:43,1,1935861,133,2022-02-25 15:17:53,2022,02,25,15,17,10,√Ålvaro Obreg√≥n,-99.246819712,19.336175562
1497339862306803716,incendio,palabras clave,"16:35 #Precauci√≥nVial | Servicios de emergencia acuden a Melchor Ocampo en la alcald√≠a √Ålvaro Obreg√≥n, por incendio. Conduce con precauci√≥n y cede el paso. https://t.co/15Q4vzRlSa","['16', '35', 'servicio', 'emergencia', 'acudir', 'melchor', 'ocampo', 'alcald√≠a', 'alvaro', 'obregon', 'incendio', 'conducir', 'precauci√≥n', 'ceder', 'paso']",['Precauci√≥nVial'],[],4,0,3,166594238,OVIAL_SSCCDMX,OVIALCDMX,2010-07-14 09:00:43,1,1935865,133,2022-02-25 16:36:57,2022,02,25,16,36,10,√Ålvaro Obreg√≥n,-99.246819712,19.336175562
1497347251148054534,incendio,palabras clave,"17:05 #Precauci√≥nVial | Contin√∫a labor de servicios de emergencia en Francisco Zarco, col. Liberales de 1857, alcald√≠a √Ålvaro Obreg√≥n, por incendio. Conduce con precauci√≥n y cede el paso. https://t.co/Ab98aKtBHB","['17', '05', 'contin√∫ar', 'labor', 'servicio', 'emergencia', 'francisco', 'marco', 'col', 'liberales', '1857', 'alcald√≠a', 'alvaro', 'obregon', 'incendio', 'conducir', 'precauci√≥n', 'ceder', 'paso']",['Precauci√≥nVial'],[],0,0,0,166594238,OVIAL_SSCCDMX,OVIALCDMX,2010-07-14 09:00:43,1,1935865,133,2022-02-25 17:06:18,2022,02,25,17,06,10,√Ålvaro Obreg√≥n,-99.246819712,19.336175562
1497360404695203849,incendio,palabras clave,"17:57 #Precauci√≥nVial | Servicios de emergencia acuden a Laguna de T√©rminos y Lago P√°tzcuaro, alcald√≠a Miguel Hidalgo, por reporte de incendio.  Conduce con precauci√≥n y cede el paso. https://t.co/P5B9zEIsiW","['17', '57', 'servicio', 'emergencia', 'acudir', 'laguna', 't√©rmino', 'lago', 'p√°tzcuaro', 'alcald√≠a', 'miguel', 'hidalgo', 'reporte', 'incendio', 'conducir', 'precauci√≥n', 'ceder', 'paso']",['Precauci√≥nVial'],[],1,0,0,166594238,OVIAL_SSCCDMX,OVIALCDMX,2010-07-14 09:00:43,1,1935862,133,2022-02-25 17:58:34,2022,02,25,17,58,16,Miguel Hidalgo,-99.2045669144,19.4280623649
1497391857348788225,incendio,palabras clave,"20:02 #Precauci√≥nVial | Servicios de emergencia acuden a Miguel Lerdo de Tejada y Barranca, col. La Casilda, alcald√≠a Gustavo A. Madero, por reporte de incendio. Conduce con precauci√≥n y cede el paso. https://t.co/D1yBZWO5Pd","['20', '02', 'servicio', 'emergencia', 'acudir', 'miguel', 'cerdo', 'tejada', 'barranca', 'col', 'casilla', 'alcald√≠a', 'gustavo', 'madero', 'reporte', 'incendio', 'conducir', 'precauci√≥n', 'ceder', 'paso']",['Precauci√≥nVial'],[],0,0,0,166594238,OVIAL_SSCCDMX,OVIALCDMX,2010-07-14 09:00:43,1,1935862,133,2022-02-25 20:03:33,2022,02,25,20,03,5,Gustavo A. Madero,-99.1158642087,19.5040652077
1497401782552735745,tr√°nsito,palabras clave,"#AHORA Vulcanos üöí de @PcAtlixco atiende reporte de accidente vehicular en calzada del Carmen entre 15 y 17 poniente Col. √Ålvaro Obreg√≥n 

üî∏Se realiza mitigaci√≥n de riesgos 
üî∏1 persona lesionada 

‚ö†Ô∏è Circula con precauci√≥n ‚ö†Ô∏è 
üö® Tr√°fico que n la zona https://t.co/DuseYU2dbL","['vulcano', 'atender', 'reporte', 'accidente', 'vehicular', 'calzada', 'carmen', '15', '17', 'poniente', 'col', 'alvaro', 'obregon', 'realizar', 'mitigaci√≥n', 'riesgo', 'persona', 'lesionado', 'circular', 'precauci√≥n', 'tr√°fico', 'zona']",['AHORA'],['PcAtlixco'],28,1,8,2279986202,Sergio Gomez Quezada,sergioGOQE,2014-01-06 22:01:22,0,1077,808,2022-02-25 20:42:59,2022,02,25,20,42,10,√Ålvaro Obreg√≥n,-99.246819712,19.336175562
1497415979806212098,tr√°nsito,palabras clave,"Vulcanos üöí de @PcAtlixco atiende reporte de accidente vehicular en calzada del Carmen entre 15 y 17 poniente Col. √Ålvaro Obreg√≥n 

üî∏Hay 1 persona lesionada 

‚ö†Ô∏è Circula con precauci√≥n ‚ö†Ô∏è 
üö® Tr√°fico que n la zona https://t.co/Ul3mr5Ia9J","['vulcano', 'atender', 'reporte', 'accidente', 'vehicular', 'calzada', 'carmen', '15', '17', 'poniente', 'col', 'alvaro', 'obregon', 'persona', 'lesionado', 'circular', 'precauci√≥n', 'tr√°fico', 'zona']",[],['PcAtlixco'],2,0,1,794950142931726340,ArrobaNoticias,ArrobaNoticias,2016-11-05 11:10:58,0,2693,786,2022-02-25 21:39:24,2022,02,25,21,39,10,√Ålvaro Obreg√≥n,-99.246819712,19.336175562
1497652491261030409,tr√°nsito,coordenadas,"@UCS_GCDMX @Soy_Andy_MTY @C5_CDMX @Claudiashein @OHarfuch @ClaraBrugadaM @OVIALCDMX @GobNeza @A_QuinteroMX @Alc_Iztapalapa @IztacalcoAl Lo que yo nunca me explico es por qu√© siempre tiene uno que reportar esa situaci√≥n si ustedes @Claudiashein, @ClaraBrugadaM, @OHarfuch  y polic√≠a de tr√°nsito saben eso, por qu√© no hacen nada te encargamos soluci√≥n Sheinbaum y Brugada es su trabajo recuerden eso el pueblo manda","['nunca', 'explicar', 'siempre', 'reportar', 'situaci√≥n', 'si', 't√∫', 'polic√≠a', 'tr√°nsito', 'saber', 'hacer', 'encargado', 'soluci√≥n', 'sheinbaum', 'brigada', 'trabajo', 'recuerden', 'pueblo', 'mandar']",[],"['UCS_GCDMX', 'Soy_Andy_MTY', 'C5_CDMX', 'Claudiashein', 'OHarfuch', 'ClaraBrugadaM', 'OVIALCDMX', 'GobNeza', 'A_QuinteroMX', 'Alc_Iztapalapa', 'IztacalcoAl', 'Claudiashein', 'ClaraBrugadaM', 'OHarfuch']",2,1,1,1143710758938841089,Gabriel,Gabrielcronos2,2019-06-25 20:41:08,0,20,206,2022-02-26 13:19:13,2022,02,26,13,19,7,Iztapalapa,-99.067766,19.3668621
1497808809364008960,tr√°nsito,coordenadas,"@d096c967f0354c3 @jeroaranda @tu_amiga_yuki Es el wey que cree que por usar bici siente que esta salvando al planeta.
Aunque realmente solo crea mas trafico = mas contaminaci√≥n.","['wey', 'creer', 'usar', 'bici', 'salvar', 'planeta', 'aunque', 'realmente', 'solo', 'creer', 'mas', 'trafico', 'mas', 'contaminaci√≥n']",[],"['d096c967f0354c3', 'jeroaranda', 'tu_amiga_yuki']",2,0,0,918309378,H√©ctor Escalante,Hectorvdv23,2012-10-31 23:39:14,0,159,1063,2022-02-26 23:40:22,2022,02,26,23,40,16,Miguel Hidalgo,-99.180678,19.444937
1497863796471189508,incendio,palabras clave,"#Precauci√≥n ‚ö†Ô∏èüö®üöí Servicios de emergencia trabajan por incendio negocio en la colonia Consejo Agrarista Mexicano, @Alc_Iztapalapa.  #C5 #911CDMX","['servicio', 'emergencia', 'trabajar', 'incendio', 'negocio', 'colonia', 'consejo', 'agrarista', 'mexicano']","['Precauci√≥n', 'C5', '911CDMX']",['Alc_Iztapalapa'],20,0,2,195951901,C5 CDMX,C5_CDMX,2010-09-27 17:51:04,1,926206,763,2022-02-27 03:18:52,2022,02,27,03,18,7,Iztapalapa,-99.0567989642,19.3491663204
1498141592384937984,tr√°nsito,palabras clave,@UCS_GCDMX @OVIALCDMX por favor manden un dispositivo. Los domingos llegan personas en moto a hacer mucho ruido les compete por ser #Transito y #ruido adem√°s se estacionan sobre banqueta de calle Cuahutemoc √∑Aguayo y Allende. Ruido en Carrillo Puerto en el centro de #Coyoac√°n,"['favor', 'manden', 'dispositivo', 'domingo', 'llegar', 'persona', 'moto', 'hacer', 'ruido', 'competir', 'ser', 'adem√°s', 'estacional', 'banqueta', 'calle', 'cuauhtemoc', 'aguayo', 'allende', 'ruido', 'carrillo', 'puerto', 'centro']","['Transito', 'ruido', 'Coyoac√°n']","['UCS_GCDMX', 'OVIALCDMX']",0,1,0,1489876724611489792,AullidodelCoyote,AullidoCoyocan,2022-02-05 02:21:24,0,52,162,2022-02-27 21:42:44,2022,02,27,21,42,3,Coyoac√°n,-99.1503763525,19.3266672536
1498141859373363200,incendio,palabras clave,"¬°Precauci√≥n! Por #incendio en casa habitaci√≥n, servicios de emergencia se dirigen a la colonia Real del Monte, alcald√≠a √Ålvaro Obreg√≥n.","['precauci√≥n', 'casa', 'habitaci√≥n', 'servicios', 'emergencia', 'dirigir', 'colonia', 'real', 'monte', 'alcald√≠a', 'alvaro', 'obregon']",['incendio'],[],7,0,2,40098528,Radio Tr√°fico Total,trafico889,2009-05-14 16:06:13,1,897301,69,2022-02-27 21:43:48,2022,02,27,21,43,10,√Ålvaro Obreg√≥n,-99.246819712,19.336175562
1498328741889683467,tr√°nsito,palabras clave,"Bendecido Lunes
Precauci√≥n por tr√°fico en √°rea de escuela en Venustiano Carranza y Tapia 

Oigan no sean malos conductores, s√≠ el tr√°fico no avanza no se queden obstruyendo a los que necesitamos cruzar la avenida ü§¶üèª‚Äç‚ôÄÔ∏è","['bendecido', 'lunesprecauci√≥n', 'tr√°fico', '√°rea', 'escuela', 'venustiano', 'carranza', 'tapia', 'digan', 'malo', 'conductor', 'tr√°fico', 'avanzar', 'quedar', 'obstruir', 'necesitar', 'cruzar', 'avenida']",[],[],0,0,0,115554554,A√çDA TREVI√ëO‚≠ê‚≠ê‚≠ê‚≠ê‚≠ê‚≠ê‚≠ê üåüüåüüåüLA5 MA5 CAMPEONA5üåüüåü,aidatrevio1,2010-02-18 20:20:00,0,370,122,2022-02-28 10:06:24,2022,02,28,10,06,17,Venustiano Carranza,-99.0931057959,19.4304954545
1498351124247719943,incendio,palabras clave,"#Guadalupe Incendio de casa habitaci√≥n en calle Los Reyes y Qv. Benito Ju√°rez en Col. Camino Real, #Precauci√≥n al transitar por la zona, #TodosSomosProteccionCivil","['incendio', 'casa', 'habitaci√≥n', 'calle', 'reyes', 'qv', 'benito', 'juarez', 'col', 'camino', 'real', 'transitar', 'zona']","['Guadalupe', 'Precauci√≥n', 'TodosSomosProteccionCivil']",[],11,0,2,882637993890246656,Protecci√≥n Civil NL,PC_NuevoLeon,2017-07-05 10:31:11,0,55839,400,2022-02-28 11:35:20,2022,02,28,11,35,14,Benito Ju√°rez,-99.1611346584,19.3806424162
1498351703720181760,incendio,palabras clave,"#Guadalupe Incendio de casa habitaci√≥n tipo tejaban en calle Los Reyes y Qv. Benito Ju√°rez en Col. Camino Real, #BomberosGPE y @PC_NuevoLeon en el lugar #Precauci√≥n al transitar por la zona, #TodosSomosProteccionCivil https://t.co/5AgNaIzoSV","['incendio', 'casa', 'habitaci√≥n', 'tipo', 'dejar', 'calle', 'reyes', 'qv', 'benito', 'juarez', 'col', 'camino', 'real', 'lugar', 'transitar', 'zona']","['Guadalupe', 'BomberosGPE', 'Precauci√≥n', 'TodosSomosProteccionCivil']",['PC_NuevoLeon'],9,0,4,882637993890246656,Protecci√≥n Civil NL,PC_NuevoLeon,2017-07-05 10:31:11,0,55839,400,2022-02-28 11:37:38,2022,02,28,11,37,14,Benito Ju√°rez,-99.1611346584,19.3806424162
1498371092163055625,incendio,palabras clave,"¬°Precauci√≥n! Por un #incendio de pastizal, servicios de emergencia laboran sobre andador Jazm√≠n y Maguey, en la colonia Malacates, alcald√≠a Gustavo A. Madero.","['precauci√≥n', 'pastizal', 'servicio', 'emergencia', 'laborar', 'andador', 'jazm√≠n', 'maguey', 'colonia', 'malabares', 'alcald√≠a', 'gustavo', 'madero']",['incendio'],[],12,0,1,40098528,Radio Tr√°fico Total,trafico889,2009-05-14 16:06:13,1,897301,69,2022-02-28 12:54:41,2022,02,28,12,54,5,Gustavo A. Madero,-99.1158642087,19.5040652077
1498389872092106758,tr√°nsito,palabras clave,"Las alternativas que proponemos (cont.) üåÑ

2) Dar mantenimiento a la carretera Chihuahua ‚Äì Cuauht√©moc de modo que el tr√°fico pesado pueda salir m√°s pronto de las v√≠as de comunicaci√≥n urbana y as√≠ evitar saturaci√≥n, contaminaci√≥n y accidentes. https://t.co/J3LEmNAeQW","['alternativa', 'proponer', 'cont', 'dar', 'mantenimiento', 'carretera', 'chihuahua', 'cuauhtemoc', 'modo', 'tr√°fico', 'pesado', 'poder', 'salir', 'pronto', 'v√≠a', 'comunicaci√≥n', 'urbano', 'as√≠', 'evitar', 'saturaci√≥n', 'contaminaci√≥n', 'accidente']",[],[],2,1,0,1486431277632958465,Salvemos los Cerros de Chihuahua - SLCC,Arewakawi,2022-01-26 14:10:30,0,708,206,2022-02-28 14:09:18,2022,02,28,14,09,15,Cuauht√©moc,-99.1490557562,19.4313734294
1498469618259841030,incendio,coordenadas,"@USEmbCuba Mi Coraz√≥n y Oraciones est√°n con Rusia y Ucrania.
Pueblos y Pa√≠ses Hermanos !!
Alto al Fuego  !!
Salud y Suerte.
Bendiciones","['coraz√≥n', 'oraci√≥n', 'rusia', 'ucrania', 'pueblo', 'pa√≠s', 'hermanos', 'alto', 'fuego', 'salud', 'suerte', 'bendici√≥n']",[],['USEmbCuba'],0,0,0,903011879890685967,Alejandro Cervantes Montoya,Alejand27381769,2017-08-30 15:49:44,0,273,2676,2022-02-28 19:26:11,2022,02,28,19,26,12,Tlalpan,-99.2058092,19.2970107
