geoID,geoName,coordinateID
12,Tlalpan,c1
5,Gustavo A. Madero,c2
14,Benito Juárez,c3
10,Álvaro Obregón,c4
17,Venustiano Carranza,c5
15,Cuauhtémoc,c6
14,Benito Juárez,c7
17,Venustiano Carranza,c8
13,Xochimilco,c9
12,Tlalpan,c10
8,La Magdalena Contreras,c11
10,Álvaro Obregón,c12
7,Iztapalapa,c13
13,Xochimilco,c14
10,Álvaro Obregón,c15
17,Venustiano Carranza,c16
2,Azcapotzalco,c17
7,Iztapalapa,c18
10,Álvaro Obregón,c19
2,Azcapotzalco,c20
5,Gustavo A. Madero,c21
14,Benito Juárez,c22
12,Tlalpan,c23
16,Miguel Hidalgo,c24
16,Miguel Hidalgo,c25
16,Miguel Hidalgo,c26
12,Tlalpan,c27
12,Tlalpan,c28
16,Miguel Hidalgo,c29
4,Cuajimalpa de Morelos,c30
3,Coyoacán,c31
12,Tlalpan,c32
13,Xochimilco,c33
2,Azcapotzalco,c34
4,Cuajimalpa de Morelos,c35
16,Miguel Hidalgo,c36
12,Tlalpan,c37
12,Tlalpan,c38
16,Miguel Hidalgo,c39
7,Iztapalapa,c40
7,Iztapalapa,c41
15,Cuauhtémoc,c42
15,Cuauhtémoc,c43
7,Iztapalapa,c44
10,Álvaro Obregón,c45
7,Iztapalapa,c46
7,Iztapalapa,c47
6,Iztacalco,c48
12,Tlalpan,c49
16,Miguel Hidalgo,c50
10,Álvaro Obregón,c51
12,Tlalpan,c52
7,Iztapalapa,c53
12,Tlalpan,c54
2,Azcapotzalco,c55
15,Cuauhtémoc,c56
7,Iztapalapa,c57
2,Azcapotzalco,c58
10,Álvaro Obregón,c59
15,Cuauhtémoc,c60
14,Benito Juárez,c61
13,Xochimilco,c62
10,Álvaro Obregón,c63
2,Azcapotzalco,c64
16,Miguel Hidalgo,c65
7,Iztapalapa,c66
15,Cuauhtémoc,c67
13,Xochimilco,c68
7,Iztapalapa,c69
2,Azcapotzalco,c70
12,Tlalpan,c71
11,Tláhuac,c72
2,Azcapotzalco,c73
13,Xochimilco,c74
16,Miguel Hidalgo,c75
13,Xochimilco,c76
12,Tlalpan,c77
12,Tlalpan,c78
5,Gustavo A. Madero,c79
2,Azcapotzalco,c80
11,Tláhuac,c81
14,Benito Juárez,c82
5,Gustavo A. Madero,c83
15,Cuauhtémoc,c84
13,Xochimilco,c85
13,Xochimilco,c86
13,Xochimilco,c87
13,Xochimilco,c88
3,Coyoacán,c89
13,Xochimilco,c90
13,Xochimilco,c91
15,Cuauhtémoc,c92
15,Cuauhtémoc,c93
12,Tlalpan,c94
10,Álvaro Obregón,c95
15,Cuauhtémoc,c96
13,Xochimilco,c97
2,Azcapotzalco,c98
10,Álvaro Obregón,c99
16,Miguel Hidalgo,c100
16,Miguel Hidalgo,c101
15,Cuauhtémoc,c102
7,Iztapalapa,c103
2,Azcapotzalco,c104
2,Azcapotzalco,c105
14,Benito Juárez,c106
2,Azcapotzalco,c107
14,Benito Juárez,c108
10,Álvaro Obregón,c109
12,Tlalpan,c110
13,Xochimilco,c111
11,Tláhuac,c112
13,Xochimilco,c113
16,Miguel Hidalgo,c114
12,Tlalpan,c115
13,Xochimilco,c116
7,Iztapalapa,c117
2,Azcapotzalco,c118
2,Azcapotzalco,c119
2,Azcapotzalco,c120
2,Azcapotzalco,c121
7,Iztapalapa,c122
2,Azcapotzalco,c123
12,Tlalpan,c124
4,Cuajimalpa de Morelos,c125
2,Azcapotzalco,c126
13,Xochimilco,c127
2,Azcapotzalco,c128
7,Iztapalapa,c129
2,Azcapotzalco,c130
2,Azcapotzalco,c131
16,Miguel Hidalgo,c132
2,Azcapotzalco,c133
3,Coyoacán,c134
2,Azcapotzalco,c135
5,Gustavo A. Madero,c136
7,Iztapalapa,c137
2,Azcapotzalco,c138
7,Iztapalapa,c139
2,Azcapotzalco,c140
11,Tláhuac,c141
15,Cuauhtémoc,c142
2,Azcapotzalco,c143
11,Tláhuac,c144
15,Cuauhtémoc,c145
12,Tlalpan,c146
2,Azcapotzalco,c147
2,Azcapotzalco,c148
3,Coyoacán,c149
7,Iztapalapa,c150
12,Tlalpan,c151
7,Iztapalapa,c152
16,Miguel Hidalgo,c153
2,Azcapotzalco,c154
16,Miguel Hidalgo,c155
15,Cuauhtémoc,c156
16,Miguel Hidalgo,c157
2,Azcapotzalco,c158
13,Xochimilco,c159
2,Azcapotzalco,c160
2,Azcapotzalco,c161
5,Gustavo A. Madero,c162
7,Iztapalapa,c163
7,Iztapalapa,c164
7,Iztapalapa,c165
8,La Magdalena Contreras,c166
7,Iztapalapa,c167
2,Azcapotzalco,c168
2,Azcapotzalco,c169
17,Venustiano Carranza,c170
11,Tláhuac,c171
16,Miguel Hidalgo,c172
7,Iztapalapa,c173
13,Xochimilco,c174
16,Miguel Hidalgo,c175
16,Miguel Hidalgo,c176
5,Gustavo A. Madero,c177
15,Cuauhtémoc,c178
6,Iztacalco,c179
13,Xochimilco,c180
7,Iztapalapa,c181
13,Xochimilco,c182
2,Azcapotzalco,c183
2,Azcapotzalco,c184
3,Coyoacán,c185
5,Gustavo A. Madero,c186
10,Álvaro Obregón,c187
12,Tlalpan,c188
12,Tlalpan,c189
12,Tlalpan,c190
13,Xochimilco,c191
2,Azcapotzalco,c192
2,Azcapotzalco,c193
17,Venustiano Carranza,c194
12,Tlalpan,c195
12,Tlalpan,c196
2,Azcapotzalco,c197
12,Tlalpan,c198
13,Xochimilco,c199
13,Xochimilco,c200
7,Iztapalapa,c201
2,Azcapotzalco,c202
4,Cuajimalpa de Morelos,c203
16,Miguel Hidalgo,c204
11,Tláhuac,c205
2,Azcapotzalco,c206
7,Iztapalapa,c207
7,Iztapalapa,c208
2,Azcapotzalco,c209
3,Coyoacán,c210
16,Miguel Hidalgo,c211
2,Azcapotzalco,c212
12,Tlalpan,c213
17,Venustiano Carranza,c214
14,Benito Juárez,c215
16,Miguel Hidalgo,c216
13,Xochimilco,c217
8,La Magdalena Contreras,c218
16,Miguel Hidalgo,c219
7,Iztapalapa,c220
15,Cuauhtémoc,c221
2,Azcapotzalco,c222
5,Gustavo A. Madero,c223
12,Tlalpan,c224
12,Tlalpan,c225
5,Gustavo A. Madero,c226
13,Xochimilco,c227
2,Azcapotzalco,c228
3,Coyoacán,c229
16,Miguel Hidalgo,c230
2,Azcapotzalco,c231
15,Cuauhtémoc,c232
2,Azcapotzalco,c233
7,Iztapalapa,c234
15,Cuauhtémoc,c235
16,Miguel Hidalgo,c236
13,Xochimilco,c237
10,Álvaro Obregón,c238
15,Cuauhtémoc,c239
4,Cuajimalpa de Morelos,c240
7,Iztapalapa,c241
16,Miguel Hidalgo,c242
12,Tlalpan,c243
7,Iztapalapa,c244
17,Venustiano Carranza,c245
2,Azcapotzalco,c246
2,Azcapotzalco,c247
17,Venustiano Carranza,c248
15,Cuauhtémoc,c249
2,Azcapotzalco,c250
7,Iztapalapa,c251
4,Cuajimalpa de Morelos,c252
4,Cuajimalpa de Morelos,c253
14,Benito Juárez,c254
15,Cuauhtémoc,c255
15,Cuauhtémoc,c256
12,Tlalpan,c257
4,Cuajimalpa de Morelos,c258
4,Cuajimalpa de Morelos,c259
16,Miguel Hidalgo,c260
8,La Magdalena Contreras,c261
16,Miguel Hidalgo,c262
10,Álvaro Obregón,c263
12,Tlalpan,c264
12,Tlalpan,c265
5,Gustavo A. Madero,c266
13,Xochimilco,c267
12,Tlalpan,c268
13,Xochimilco,c269
15,Cuauhtémoc,c270
7,Iztapalapa,c271
13,Xochimilco,c272
12,Tlalpan,c273
14,Benito Juárez,c274
13,Xochimilco,c275
10,Álvaro Obregón,c276
7,Iztapalapa,c277
13,Xochimilco,c278
13,Xochimilco,c279
6,Iztacalco,c280
3,Coyoacán,c281
13,Xochimilco,c282
15,Cuauhtémoc,c283
10,Álvaro Obregón,c284
12,Tlalpan,c285
2,Azcapotzalco,c286
2,Azcapotzalco,c287
7,Iztapalapa,c288
15,Cuauhtémoc,c289
6,Iztacalco,c290
7,Iztapalapa,c291
8,La Magdalena Contreras,c292
13,Xochimilco,c293
12,Tlalpan,c294
2,Azcapotzalco,c295
15,Cuauhtémoc,c296
15,Cuauhtémoc,c297
15,Cuauhtémoc,c298
16,Miguel Hidalgo,c299
3,Coyoacán,c300
7,Iztapalapa,c301
2,Azcapotzalco,c302
7,Iztapalapa,c303
7,Iztapalapa,c304
13,Xochimilco,c305
10,Álvaro Obregón,c306
4,Cuajimalpa de Morelos,c307
4,Cuajimalpa de Morelos,c308
7,Iztapalapa,c309
6,Iztacalco,c310
14,Benito Juárez,c311
13,Xochimilco,c312
10,Álvaro Obregón,c313
13,Xochimilco,c314
15,Cuauhtémoc,c315
7,Iztapalapa,c316
12,Tlalpan,c317
14,Benito Juárez,c318
15,Cuauhtémoc,c319
7,Iztapalapa,c320
16,Miguel Hidalgo,c321
3,Coyoacán,c322
7,Iztapalapa,c323
12,Tlalpan,c324
13,Xochimilco,c325
2,Azcapotzalco,c326
7,Iztapalapa,c327
16,Miguel Hidalgo,c328
6,Iztacalco,c329
12,Tlalpan,c330
12,Tlalpan,c331
12,Tlalpan,c332
7,Iztapalapa,c333
16,Miguel Hidalgo,c334
2,Azcapotzalco,c335
15,Cuauhtémoc,c336
5,Gustavo A. Madero,c337
14,Benito Juárez,c338
16,Miguel Hidalgo,c339
10,Álvaro Obregón,c340
12,Tlalpan,c341
7,Iztapalapa,c342
2,Azcapotzalco,c343
5,Gustavo A. Madero,c344
11,Tláhuac,c345
6,Iztacalco,c346
6,Iztacalco,c347
15,Cuauhtémoc,c348
3,Coyoacán,c349
3,Coyoacán,c350
3,Coyoacán,c351
15,Cuauhtémoc,c352
2,Azcapotzalco,c353
10,Álvaro Obregón,c354
12,Tlalpan,c355
15,Cuauhtémoc,c356
10,Álvaro Obregón,c357
5,Gustavo A. Madero,c358
7,Iztapalapa,c359
7,Iztapalapa,c360
4,Cuajimalpa de Morelos,c361
7,Iztapalapa,c362
13,Xochimilco,c363
3,Coyoacán,c364
16,Miguel Hidalgo,c365
16,Miguel Hidalgo,c366
4,Cuajimalpa de Morelos,c367
5,Gustavo A. Madero,c368
14,Benito Juárez,c369
14,Benito Juárez,c370
16,Miguel Hidalgo,c371
16,Miguel Hidalgo,c372
10,Álvaro Obregón,c373
8,La Magdalena Contreras,c374
17,Venustiano Carranza,c375
17,Venustiano Carranza,c376
14,Benito Juárez,c377
7,Iztapalapa,c378
3,Coyoacán,c379
11,Tláhuac,c380
13,Xochimilco,c381
10,Álvaro Obregón,c382
12,Tlalpan,c383
15,Cuauhtémoc,c384
17,Venustiano Carranza,c385
2,Azcapotzalco,c386
10,Álvaro Obregón,c387
12,Tlalpan,c388
15,Cuauhtémoc,c389
15,Cuauhtémoc,c390
3,Coyoacán,c391
2,Azcapotzalco,c392
7,Iztapalapa,c393
12,Tlalpan,c394
12,Tlalpan,c395
7,Iztapalapa,c396
16,Miguel Hidalgo,c397
2,Azcapotzalco,c398
11,Tláhuac,c399
5,Gustavo A. Madero,c400
4,Cuajimalpa de Morelos,c401
15,Cuauhtémoc,c402
16,Miguel Hidalgo,c403
11,Tláhuac,c404
7,Iztapalapa,c405
7,Iztapalapa,c406
2,Azcapotzalco,c407
12,Tlalpan,c408
12,Tlalpan,c409
2,Azcapotzalco,c410
7,Iztapalapa,c411
12,Tlalpan,c412
3,Coyoacán,c413
2,Azcapotzalco,c414
12,Tlalpan,c415
4,Cuajimalpa de Morelos,c416
3,Coyoacán,c417
16,Miguel Hidalgo,c418
11,Tláhuac,c419
2,Azcapotzalco,c420
17,Venustiano Carranza,c421
14,Benito Juárez,c422
12,Tlalpan,c423
2,Azcapotzalco,c424
12,Tlalpan,c425
3,Coyoacán,c426
10,Álvaro Obregón,c427
3,Coyoacán,c428
8,La Magdalena Contreras,c429
7,Iztapalapa,c430
16,Miguel Hidalgo,c431
16,Miguel Hidalgo,c432
12,Tlalpan,c433
13,Xochimilco,c434
7,Iztapalapa,c435
16,Miguel Hidalgo,c436
16,Miguel Hidalgo,c437
15,Cuauhtémoc,c438
7,Iztapalapa,c439
12,Tlalpan,c440
12,Tlalpan,c441
7,Iztapalapa,c442
2,Azcapotzalco,c443
13,Xochimilco,c444
13,Xochimilco,c445
2,Azcapotzalco,c446
4,Cuajimalpa de Morelos,c447
10,Álvaro Obregón,c448
16,Miguel Hidalgo,c449
3,Coyoacán,c450
2,Azcapotzalco,c451
12,Tlalpan,c452
10,Álvaro Obregón,c453
3,Coyoacán,c454
11,Tláhuac,c455
12,Tlalpan,c456
16,Miguel Hidalgo,c457
12,Tlalpan,c458
11,Tláhuac,c459
13,Xochimilco,c460
16,Miguel Hidalgo,c461
12,Tlalpan,c462
12,Tlalpan,c463
16,Miguel Hidalgo,c464
16,Miguel Hidalgo,c465
10,Álvaro Obregón,c466
7,Iztapalapa,c467
15,Cuauhtémoc,c468
7,Iztapalapa,c469
2,Azcapotzalco,c470
7,Iztapalapa,c471
12,Tlalpan,c472
16,Miguel Hidalgo,c473
6,Iztacalco,c474
3,Coyoacán,c475
3,Coyoacán,c476
7,Iztapalapa,c477
15,Cuauhtémoc,c478
2,Azcapotzalco,c479
2,Azcapotzalco,c480
7,Iztapalapa,c481
7,Iztapalapa,c482
14,Benito Juárez,c483
15,Cuauhtémoc,c484
4,Cuajimalpa de Morelos,c485
6,Iztacalco,c486
17,Venustiano Carranza,c487
7,Iztapalapa,c488
2,Azcapotzalco,c489
2,Azcapotzalco,c490
11,Tláhuac,c491
12,Tlalpan,c492
5,Gustavo A. Madero,c493
2,Azcapotzalco,c494
2,Azcapotzalco,c495
2,Azcapotzalco,c496
2,Azcapotzalco,c497
2,Azcapotzalco,c498
15,Cuauhtémoc,c499
10,Álvaro Obregón,c500
3,Coyoacán,c501
7,Iztapalapa,c502
2,Azcapotzalco,c503
4,Cuajimalpa de Morelos,c504
14,Benito Juárez,c505
4,Cuajimalpa de Morelos,c506
2,Azcapotzalco,c507
15,Cuauhtémoc,c508
10,Álvaro Obregón,c509
15,Cuauhtémoc,c510
12,Tlalpan,c511
7,Iztapalapa,c512
16,Miguel Hidalgo,c513
16,Miguel Hidalgo,c514
16,Miguel Hidalgo,c515
7,Iztapalapa,c516
7,Iztapalapa,c517
2,Azcapotzalco,c518
12,Tlalpan,c519
16,Miguel Hidalgo,c520
2,Azcapotzalco,c521
10,Álvaro Obregón,c522
7,Iztapalapa,c523
10,Álvaro Obregón,c524
13,Xochimilco,c525
15,Cuauhtémoc,c526
13,Xochimilco,c527
3,Coyoacán,c528
13,Xochimilco,c529
10,Álvaro Obregón,c530
10,Álvaro Obregón,c531
5,Gustavo A. Madero,c532
15,Cuauhtémoc,c533
16,Miguel Hidalgo,c534
7,Iztapalapa,c535
7,Iztapalapa,c536
16,Miguel Hidalgo,c537
11,Tláhuac,c538
11,Tláhuac,c539
13,Xochimilco,c540
12,Tlalpan,c541
12,Tlalpan,c542
5,Gustavo A. Madero,c543
2,Azcapotzalco,c544
16,Miguel Hidalgo,c545
5,Gustavo A. Madero,c546
7,Iztapalapa,c547
3,Coyoacán,c548
6,Iztacalco,c549
7,Iztapalapa,c550
4,Cuajimalpa de Morelos,c551
15,Cuauhtémoc,c552
15,Cuauhtémoc,c553
7,Iztapalapa,c554
7,Iztapalapa,c555
7,Iztapalapa,c556
2,Azcapotzalco,c557
13,Xochimilco,c558
13,Xochimilco,c559
10,Álvaro Obregón,c560
2,Azcapotzalco,c561
7,Iztapalapa,c562
7,Iztapalapa,c563
12,Tlalpan,c564
12,Tlalpan,c565
7,Iztapalapa,c566
6,Iztacalco,c567
5,Gustavo A. Madero,c568
14,Benito Juárez,c569
2,Azcapotzalco,c570
2,Azcapotzalco,c571
2,Azcapotzalco,c572
17,Venustiano Carranza,c573
16,Miguel Hidalgo,c574
16,Miguel Hidalgo,c575
5,Gustavo A. Madero,c576
4,Cuajimalpa de Morelos,c577
4,Cuajimalpa de Morelos,c578
3,Coyoacán,c579
5,Gustavo A. Madero,c580
15,Cuauhtémoc,c581
15,Cuauhtémoc,c582
3,Coyoacán,c583
12,Tlalpan,c584
12,Tlalpan,c585
2,Azcapotzalco,c586
7,Iztapalapa,c587
6,Iztacalco,c588
4,Cuajimalpa de Morelos,c589
2,Azcapotzalco,c590
12,Tlalpan,c591
2,Azcapotzalco,c592
12,Tlalpan,c593
4,Cuajimalpa de Morelos,c594
15,Cuauhtémoc,c595
2,Azcapotzalco,c596
2,Azcapotzalco,c597
3,Coyoacán,c598
7,Iztapalapa,c599
7,Iztapalapa,c600
3,Coyoacán,c601
12,Tlalpan,c602
15,Cuauhtémoc,c603
3,Coyoacán,c604
2,Azcapotzalco,c605
3,Coyoacán,c606
12,Tlalpan,c607
3,Coyoacán,c608
12,Tlalpan,c609
12,Tlalpan,c610
3,Coyoacán,c611
15,Cuauhtémoc,c612
13,Xochimilco,c613
2,Azcapotzalco,c614
16,Miguel Hidalgo,c615
6,Iztacalco,c616
3,Coyoacán,c617
12,Tlalpan,c618
16,Miguel Hidalgo,c619
16,Miguel Hidalgo,c620
10,Álvaro Obregón,c621
3,Coyoacán,c622
14,Benito Juárez,c623
15,Cuauhtémoc,c624
13,Xochimilco,c625
6,Iztacalco,c626
13,Xochimilco,c627
14,Benito Juárez,c628
13,Xochimilco,c629
13,Xochimilco,c630
13,Xochimilco,c631
12,Tlalpan,c632
10,Álvaro Obregón,c633
7,Iztapalapa,c634
15,Cuauhtémoc,c635
10,Álvaro Obregón,c636
12,Tlalpan,c637
14,Benito Juárez,c638
13,Xochimilco,c639
2,Azcapotzalco,c640
2,Azcapotzalco,c641
2,Azcapotzalco,c642
10,Álvaro Obregón,c643
16,Miguel Hidalgo,c644
14,Benito Juárez,c645
15,Cuauhtémoc,c646
10,Álvaro Obregón,c647
15,Cuauhtémoc,c648
7,Iztapalapa,c649
15,Cuauhtémoc,c650
7,Iztapalapa,c651
7,Iztapalapa,c652
12,Tlalpan,c653
5,Gustavo A. Madero,c654
12,Tlalpan,c655
12,Tlalpan,c656
12,Tlalpan,c657
12,Tlalpan,c658
12,Tlalpan,c659
12,Tlalpan,c660
12,Tlalpan,c661
12,Tlalpan,c662
12,Tlalpan,c663
12,Tlalpan,c664
12,Tlalpan,c665
12,Tlalpan,c666
6,Iztacalco,c667
16,Miguel Hidalgo,c668
6,Iztacalco,c669
3,Coyoacán,c670
3,Coyoacán,c671
5,Gustavo A. Madero,c672
11,Tláhuac,c673
10,Álvaro Obregón,c674
12,Tlalpan,c675
17,Venustiano Carranza,c676
7,Iztapalapa,c677
14,Benito Juárez,c678
3,Coyoacán,c679
16,Miguel Hidalgo,c680
15,Cuauhtémoc,c681
5,Gustavo A. Madero,c682
5,Gustavo A. Madero,c683
10,Álvaro Obregón,c684
15,Cuauhtémoc,c685
12,Tlalpan,c686
2,Azcapotzalco,c687
2,Azcapotzalco,c688
12,Tlalpan,c689
10,Álvaro Obregón,c690
15,Cuauhtémoc,c691
4,Cuajimalpa de Morelos,c692
14,Benito Juárez,c693
2,Azcapotzalco,c694
2,Azcapotzalco,c695
15,Cuauhtémoc,c696
5,Gustavo A. Madero,c697
17,Venustiano Carranza,c698
5,Gustavo A. Madero,c699
6,Iztacalco,c700
10,Álvaro Obregón,c701
15,Cuauhtémoc,c702
5,Gustavo A. Madero,c703
3,Coyoacán,c704
7,Iztapalapa,c705
7,Iztapalapa,c706
7,Iztapalapa,c707
15,Cuauhtémoc,c708
2,Azcapotzalco,c709
7,Iztapalapa,c710
15,Cuauhtémoc,c711
14,Benito Juárez,c712
2,Azcapotzalco,c713
7,Iztapalapa,c714
7,Iztapalapa,c715
11,Tláhuac,c716
16,Miguel Hidalgo,c717
7,Iztapalapa,c718
15,Cuauhtémoc,c719
6,Iztacalco,c720
7,Iztapalapa,c721
17,Venustiano Carranza,c722
7,Iztapalapa,c723
10,Álvaro Obregón,c724
5,Gustavo A. Madero,c725
15,Cuauhtémoc,c726
7,Iztapalapa,c727
12,Tlalpan,c728
10,Álvaro Obregón,c729
12,Tlalpan,c730
13,Xochimilco,c731
17,Venustiano Carranza,c732
5,Gustavo A. Madero,c733
15,Cuauhtémoc,c734
15,Cuauhtémoc,c735
7,Iztapalapa,c736
13,Xochimilco,c737
14,Benito Juárez,c738
16,Miguel Hidalgo,c739
7,Iztapalapa,c740
10,Álvaro Obregón,c741
16,Miguel Hidalgo,c742
3,Coyoacán,c743
16,Miguel Hidalgo,c744
7,Iztapalapa,c745
7,Iztapalapa,c746
7,Iztapalapa,c747
12,Tlalpan,c748
17,Venustiano Carranza,c749
17,Venustiano Carranza,c750
7,Iztapalapa,c751
7,Iztapalapa,c752
7,Iztapalapa,c753
16,Miguel Hidalgo,c754
2,Azcapotzalco,c755
5,Gustavo A. Madero,c756
4,Cuajimalpa de Morelos,c757
5,Gustavo A. Madero,c758
7,Iztapalapa,c759
3,Coyoacán,c760
7,Iztapalapa,c761
7,Iztapalapa,c762
7,Iztapalapa,c763
12,Tlalpan,c764
10,Álvaro Obregón,c765
2,Azcapotzalco,c766
12,Tlalpan,c767
15,Cuauhtémoc,c768
11,Tláhuac,c769
16,Miguel Hidalgo,c770
15,Cuauhtémoc,c771
2,Azcapotzalco,c772
12,Tlalpan,c773
10,Álvaro Obregón,c774
15,Cuauhtémoc,c775
16,Miguel Hidalgo,c776
4,Cuajimalpa de Morelos,c777
4,Cuajimalpa de Morelos,c778
13,Xochimilco,c779
13,Xochimilco,c780
2,Azcapotzalco,c781
12,Tlalpan,c782
12,Tlalpan,c783
17,Venustiano Carranza,c784
15,Cuauhtémoc,c785
10,Álvaro Obregón,c786
11,Tláhuac,c787
16,Miguel Hidalgo,c788
2,Azcapotzalco,c789
7,Iztapalapa,c790
16,Miguel Hidalgo,c791
15,Cuauhtémoc,c792
15,Cuauhtémoc,c793
15,Cuauhtémoc,c794
14,Benito Juárez,c795
12,Tlalpan,c796
15,Cuauhtémoc,c797
12,Tlalpan,c798
2,Azcapotzalco,c799
7,Iztapalapa,c800
15,Cuauhtémoc,c801
15,Cuauhtémoc,c802
12,Tlalpan,c803
2,Azcapotzalco,c804
7,Iztapalapa,c805
3,Coyoacán,c806
7,Iztapalapa,c807
7,Iztapalapa,c808
15,Cuauhtémoc,c809
11,Tláhuac,c810
4,Cuajimalpa de Morelos,c811
13,Xochimilco,c812
15,Cuauhtémoc,c813
14,Benito Juárez,c814
12,Tlalpan,c815
7,Iztapalapa,c816
10,Álvaro Obregón,c817
13,Xochimilco,c818
15,Cuauhtémoc,c819
7,Iztapalapa,c820
2,Azcapotzalco,c821
12,Tlalpan,c822
15,Cuauhtémoc,c823
3,Coyoacán,c824
13,Xochimilco,c825
5,Gustavo A. Madero,c826
12,Tlalpan,c827
14,Benito Juárez,c828
15,Cuauhtémoc,c829
12,Tlalpan,c830
12,Tlalpan,c831
14,Benito Juárez,c832
10,Álvaro Obregón,c833
12,Tlalpan,c834
16,Miguel Hidalgo,c835
10,Álvaro Obregón,c836
10,Álvaro Obregón,c837
3,Coyoacán,c838
6,Iztacalco,c839
7,Iztapalapa,c840
7,Iztapalapa,c841
15,Cuauhtémoc,c842
2,Azcapotzalco,c843
13,Xochimilco,c844
15,Cuauhtémoc,c845
7,Iztapalapa,c846
13,Xochimilco,c847
12,Tlalpan,c848
10,Álvaro Obregón,c849
12,Tlalpan,c850
13,Xochimilco,c851
7,Iztapalapa,c852
7,Iztapalapa,c853
7,Iztapalapa,c854
7,Iztapalapa,c855
7,Iztapalapa,c856
13,Xochimilco,c857
11,Tláhuac,c858
16,Miguel Hidalgo,c859
7,Iztapalapa,c860
12,Tlalpan,c861
10,Álvaro Obregón,c862
7,Iztapalapa,c863
14,Benito Juárez,c864
15,Cuauhtémoc,c865
15,Cuauhtémoc,c866
16,Miguel Hidalgo,c867
14,Benito Juárez,c868
5,Gustavo A. Madero,c869
12,Tlalpan,c870
7,Iztapalapa,c871
10,Álvaro Obregón,c872
10,Álvaro Obregón,c873
15,Cuauhtémoc,c874
16,Miguel Hidalgo,c875
3,Coyoacán,c876
13,Xochimilco,c877
11,Tláhuac,c878
16,Miguel Hidalgo,c879
16,Miguel Hidalgo,c880
16,Miguel Hidalgo,c881
16,Miguel Hidalgo,c882
17,Venustiano Carranza,c883
4,Cuajimalpa de Morelos,c884
14,Benito Juárez,c885
7,Iztapalapa,c886
14,Benito Juárez,c887
7,Iztapalapa,c888
15,Cuauhtémoc,c889
17,Venustiano Carranza,c890
5,Gustavo A. Madero,c891
16,Miguel Hidalgo,c892
12,Tlalpan,c893
17,Venustiano Carranza,c894
2,Azcapotzalco,c895
2,Azcapotzalco,c896
12,Tlalpan,c897
10,Álvaro Obregón,c898
10,Álvaro Obregón,c899
12,Tlalpan,c900
12,Tlalpan,c901
15,Cuauhtémoc,c902
2,Azcapotzalco,c903
12,Tlalpan,c904
5,Gustavo A. Madero,c905
10,Álvaro Obregón,c906
5,Gustavo A. Madero,c907
14,Benito Juárez,c908
16,Miguel Hidalgo,c909
17,Venustiano Carranza,c910
4,Cuajimalpa de Morelos,c911
4,Cuajimalpa de Morelos,c912
4,Cuajimalpa de Morelos,c913
15,Cuauhtémoc,c914
12,Tlalpan,c915
7,Iztapalapa,c916
7,Iztapalapa,c917
7,Iztapalapa,c918
15,Cuauhtémoc,c919
5,Gustavo A. Madero,c920
7,Iztapalapa,c921
11,Tláhuac,c922
7,Iztapalapa,c923
5,Gustavo A. Madero,c924
7,Iztapalapa,c925
6,Iztacalco,c926
15,Cuauhtémoc,c927
7,Iztapalapa,c928
15,Cuauhtémoc,c929
14,Benito Juárez,c930
12,Tlalpan,c931
15,Cuauhtémoc,c932
5,Gustavo A. Madero,c933
15,Cuauhtémoc,c934
12,Tlalpan,c935
10,Álvaro Obregón,c936
12,Tlalpan,c937
12,Tlalpan,c938
13,Xochimilco,c939
8,La Magdalena Contreras,c940
5,Gustavo A. Madero,c941
5,Gustavo A. Madero,c942
13,Xochimilco,c943
12,Tlalpan,c944
16,Miguel Hidalgo,c945
7,Iztapalapa,c946
9,Milpa Alta,c947
11,Tláhuac,c948
5,Gustavo A. Madero,c949
7,Iztapalapa,c950
7,Iztapalapa,c951
12,Tlalpan,c952
7,Iztapalapa,c953
4,Cuajimalpa de Morelos,c954
5,Gustavo A. Madero,c955
16,Miguel Hidalgo,c956
2,Azcapotzalco,c957
15,Cuauhtémoc,c958
12,Tlalpan,c959
14,Benito Juárez,c960
7,Iztapalapa,c961
7,Iztapalapa,c962
7,Iztapalapa,c963
7,Iztapalapa,c964
16,Miguel Hidalgo,c965
12,Tlalpan,c966
10,Álvaro Obregón,c967
10,Álvaro Obregón,c968
7,Iztapalapa,c969
16,Miguel Hidalgo,c970
12,Tlalpan,c971
7,Iztapalapa,c972
3,Coyoacán,c973
7,Iztapalapa,c974
7,Iztapalapa,c975
3,Coyoacán,c976
12,Tlalpan,c977
10,Álvaro Obregón,c978
8,La Magdalena Contreras,c979
11,Tláhuac,c980
15,Cuauhtémoc,c981
13,Xochimilco,c982
8,La Magdalena Contreras,c983
12,Tlalpan,c984
11,Tláhuac,c985
7,Iztapalapa,c986
5,Gustavo A. Madero,c987
12,Tlalpan,c988
7,Iztapalapa,c989
16,Miguel Hidalgo,c990
16,Miguel Hidalgo,c991
13,Xochimilco,c992
16,Miguel Hidalgo,c993
12,Tlalpan,c994
10,Álvaro Obregón,c995
7,Iztapalapa,c996
14,Benito Juárez,c997
16,Miguel Hidalgo,c998
6,Iztacalco,c999
11,Tláhuac,c1000
11,Tláhuac,c1001
10,Álvaro Obregón,c1002
7,Iztapalapa,c1003
2,Azcapotzalco,c1004
10,Álvaro Obregón,c1005
15,Cuauhtémoc,c1006
8,La Magdalena Contreras,c1007
13,Xochimilco,c1008
12,Tlalpan,c1009
12,Tlalpan,c1010
7,Iztapalapa,c1011
11,Tláhuac,c1012
12,Tlalpan,c1013
15,Cuauhtémoc,c1014
2,Azcapotzalco,c1015
10,Álvaro Obregón,c1016
17,Venustiano Carranza,c1017
13,Xochimilco,c1018
13,Xochimilco,c1019
7,Iztapalapa,c1020
7,Iztapalapa,c1021
2,Azcapotzalco,c1022
7,Iztapalapa,c1023
14,Benito Juárez,c1024
10,Álvaro Obregón,c1025
7,Iztapalapa,c1026
15,Cuauhtémoc,c1027
11,Tláhuac,c1028
16,Miguel Hidalgo,c1029
16,Miguel Hidalgo,c1030
15,Cuauhtémoc,c1031
4,Cuajimalpa de Morelos,c1032
12,Tlalpan,c1033
12,Tlalpan,c1034
10,Álvaro Obregón,c1035
7,Iztapalapa,c1036
10,Álvaro Obregón,c1037
10,Álvaro Obregón,c1038
2,Azcapotzalco,c1039
14,Benito Juárez,c1040
5,Gustavo A. Madero,c1041
5,Gustavo A. Madero,c1042
7,Iztapalapa,c1043
2,Azcapotzalco,c1044
15,Cuauhtémoc,c1045
5,Gustavo A. Madero,c1046
13,Xochimilco,c1047
2,Azcapotzalco,c1048
2,Azcapotzalco,c1049
7,Iztapalapa,c1050
4,Cuajimalpa de Morelos,c1051
16,Miguel Hidalgo,c1052
16,Miguel Hidalgo,c1053
15,Cuauhtémoc,c1054
4,Cuajimalpa de Morelos,c1055
2,Azcapotzalco,c1056
17,Venustiano Carranza,c1057
2,Azcapotzalco,c1058
4,Cuajimalpa de Morelos,c1059
7,Iztapalapa,c1060
7,Iztapalapa,c1061
10,Álvaro Obregón,c1062
14,Benito Juárez,c1063
15,Cuauhtémoc,c1064
10,Álvaro Obregón,c1065
7,Iztapalapa,c1066
12,Tlalpan,c1067
12,Tlalpan,c1068
2,Azcapotzalco,c1069
10,Álvaro Obregón,c1070
5,Gustavo A. Madero,c1071
12,Tlalpan,c1072
2,Azcapotzalco,c1073
15,Cuauhtémoc,c1074
15,Cuauhtémoc,c1075
7,Iztapalapa,c1076
12,Tlalpan,c1077
12,Tlalpan,c1078
13,Xochimilco,c1079
15,Cuauhtémoc,c1080
4,Cuajimalpa de Morelos,c1081
2,Azcapotzalco,c1082
15,Cuauhtémoc,c1083
13,Xochimilco,c1084
15,Cuauhtémoc,c1085
5,Gustavo A. Madero,c1086
5,Gustavo A. Madero,c1087
16,Miguel Hidalgo,c1088
14,Benito Juárez,c1089
7,Iztapalapa,c1090
15,Cuauhtémoc,c1091
16,Miguel Hidalgo,c1092
12,Tlalpan,c1093
3,Coyoacán,c1094
7,Iztapalapa,c1095
13,Xochimilco,c1096
7,Iztapalapa,c1097
7,Iztapalapa,c1098
5,Gustavo A. Madero,c1099
7,Iztapalapa,c1100
10,Álvaro Obregón,c1101
14,Benito Juárez,c1102
11,Tláhuac,c1103
11,Tláhuac,c1104
13,Xochimilco,c1105
7,Iztapalapa,c1106
3,Coyoacán,c1107
15,Cuauhtémoc,c1108
7,Iztapalapa,c1109
3,Coyoacán,c1110
13,Xochimilco,c1111
10,Álvaro Obregón,c1112
13,Xochimilco,c1113
2,Azcapotzalco,c1114
14,Benito Juárez,c1115
7,Iztapalapa,c1116
11,Tláhuac,c1117
14,Benito Juárez,c1118
15,Cuauhtémoc,c1119
7,Iztapalapa,c1120
13,Xochimilco,c1121
4,Cuajimalpa de Morelos,c1122
3,Coyoacán,c1123
4,Cuajimalpa de Morelos,c1124
7,Iztapalapa,c1125
10,Álvaro Obregón,c1126
7,Iztapalapa,c1127
14,Benito Juárez,c1128
17,Venustiano Carranza,c1129
16,Miguel Hidalgo,c1130
7,Iztapalapa,c1131
11,Tláhuac,c1132
11,Tláhuac,c1133
11,Tláhuac,c1134
7,Iztapalapa,c1135
13,Xochimilco,c1136
7,Iztapalapa,c1137
14,Benito Juárez,c1138
12,Tlalpan,c1139
10,Álvaro Obregón,c1140
10,Álvaro Obregón,c1141
16,Miguel Hidalgo,c1142
7,Iztapalapa,c1143
6,Iztacalco,c1144
14,Benito Juárez,c1145
15,Cuauhtémoc,c1146
3,Coyoacán,c1147
12,Tlalpan,c1148
12,Tlalpan,c1149
14,Benito Juárez,c1150
7,Iztapalapa,c1151
15,Cuauhtémoc,c1152
3,Coyoacán,c1153
12,Tlalpan,c1154
3,Coyoacán,c1155
17,Venustiano Carranza,c1156
4,Cuajimalpa de Morelos,c1157
7,Iztapalapa,c1158
10,Álvaro Obregón,c1159
16,Miguel Hidalgo,c1160
5,Gustavo A. Madero,c1161
7,Iztapalapa,c1162
5,Gustavo A. Madero,c1163
12,Tlalpan,c1164
2,Azcapotzalco,c1165
12,Tlalpan,c1166
12,Tlalpan,c1167
4,Cuajimalpa de Morelos,c1168
7,Iztapalapa,c1169
12,Tlalpan,c1170
15,Cuauhtémoc,c1171
14,Benito Juárez,c1172
16,Miguel Hidalgo,c1173
3,Coyoacán,c1174
5,Gustavo A. Madero,c1175
4,Cuajimalpa de Morelos,c1176
15,Cuauhtémoc,c1177
10,Álvaro Obregón,c1178
11,Tláhuac,c1179
5,Gustavo A. Madero,c1180
6,Iztacalco,c1181
17,Venustiano Carranza,c1182
12,Tlalpan,c1183
14,Benito Juárez,c1184
17,Venustiano Carranza,c1185
15,Cuauhtémoc,c1186
16,Miguel Hidalgo,c1187
14,Benito Juárez,c1188
12,Tlalpan,c1189
5,Gustavo A. Madero,c1190
4,Cuajimalpa de Morelos,c1191
10,Álvaro Obregón,c1192
15,Cuauhtémoc,c1193
14,Benito Juárez,c1194
10,Álvaro Obregón,c1195
13,Xochimilco,c1196
15,Cuauhtémoc,c1197
3,Coyoacán,c1198
2,Azcapotzalco,c1199
2,Azcapotzalco,c1200
5,Gustavo A. Madero,c1201
16,Miguel Hidalgo,c1202
7,Iztapalapa,c1203
7,Iztapalapa,c1204
7,Iztapalapa,c1205
12,Tlalpan,c1206
11,Tláhuac,c1207
12,Tlalpan,c1208
5,Gustavo A. Madero,c1209
13,Xochimilco,c1210
7,Iztapalapa,c1211
5,Gustavo A. Madero,c1212
3,Coyoacán,c1213
14,Benito Juárez,c1214
17,Venustiano Carranza,c1215
8,La Magdalena Contreras,c1216
14,Benito Juárez,c1217
15,Cuauhtémoc,c1218
16,Miguel Hidalgo,c1219
7,Iztapalapa,c1220
12,Tlalpan,c1221
15,Cuauhtémoc,c1222
12,Tlalpan,c1223
12,Tlalpan,c1224
2,Azcapotzalco,c1225
12,Tlalpan,c1226
5,Gustavo A. Madero,c1227
10,Álvaro Obregón,c1228
7,Iztapalapa,c1229
5,Gustavo A. Madero,c1230
12,Tlalpan,c1231
8,La Magdalena Contreras,c1232
4,Cuajimalpa de Morelos,c1233
4,Cuajimalpa de Morelos,c1234
5,Gustavo A. Madero,c1235
14,Benito Juárez,c1236
16,Miguel Hidalgo,c1237
10,Álvaro Obregón,c1238
10,Álvaro Obregón,c1239
9,Milpa Alta,c1240
10,Álvaro Obregón,c1241
14,Benito Juárez,c1242
7,Iztapalapa,c1243
16,Miguel Hidalgo,c1244
3,Coyoacán,c1245
12,Tlalpan,c1246
7,Iztapalapa,c1247
12,Tlalpan,c1248
13,Xochimilco,c1249
5,Gustavo A. Madero,c1250
3,Coyoacán,c1251
6,Iztacalco,c1252
3,Coyoacán,c1253
13,Xochimilco,c1254
10,Álvaro Obregón,c1255
12,Tlalpan,c1256
6,Iztacalco,c1257
16,Miguel Hidalgo,c1258
12,Tlalpan,c1259
3,Coyoacán,c1260
3,Coyoacán,c1261
14,Benito Juárez,c1262
3,Coyoacán,c1263
3,Coyoacán,c1264
14,Benito Juárez,c1265
3,Coyoacán,c1266
3,Coyoacán,c1267
3,Coyoacán,c1268
3,Coyoacán,c1269
3,Coyoacán,c1270
3,Coyoacán,c1271
16,Miguel Hidalgo,c1272
7,Iztapalapa,c1273
14,Benito Juárez,c1274
16,Miguel Hidalgo,c1275
12,Tlalpan,c1276
5,Gustavo A. Madero,c1277
15,Cuauhtémoc,c1278
3,Coyoacán,c1279
3,Coyoacán,c1280
7,Iztapalapa,c1281
15,Cuauhtémoc,c1282
15,Cuauhtémoc,c1283
7,Iztapalapa,c1284
7,Iztapalapa,c1285
7,Iztapalapa,c1286
17,Venustiano Carranza,c1287
2,Azcapotzalco,c1288
7,Iztapalapa,c1289
12,Tlalpan,c1290
2,Azcapotzalco,c1291
7,Iztapalapa,c1292
7,Iztapalapa,c1293
12,Tlalpan,c1294
15,Cuauhtémoc,c1295
12,Tlalpan,c1296
4,Cuajimalpa de Morelos,c1297
2,Azcapotzalco,c1298
16,Miguel Hidalgo,c1299
7,Iztapalapa,c1300
11,Tláhuac,c1301
15,Cuauhtémoc,c1302
5,Gustavo A. Madero,c1303
7,Iztapalapa,c1304
15,Cuauhtémoc,c1305
13,Xochimilco,c1306
2,Azcapotzalco,c1307
5,Gustavo A. Madero,c1308
14,Benito Juárez,c1309
14,Benito Juárez,c1310
7,Iztapalapa,c1311
10,Álvaro Obregón,c1312
10,Álvaro Obregón,c1313
16,Miguel Hidalgo,c1314
2,Azcapotzalco,c1315
5,Gustavo A. Madero,c1316
7,Iztapalapa,c1317
15,Cuauhtémoc,c1318
7,Iztapalapa,c1319
15,Cuauhtémoc,c1320
16,Miguel Hidalgo,c1321
11,Tláhuac,c1322
14,Benito Juárez,c1323
16,Miguel Hidalgo,c1324
7,Iztapalapa,c1325
15,Cuauhtémoc,c1326
5,Gustavo A. Madero,c1327
7,Iztapalapa,c1328
7,Iztapalapa,c1329
7,Iztapalapa,c1330
7,Iztapalapa,c1331
11,Tláhuac,c1332
10,Álvaro Obregón,c1333
12,Tlalpan,c1334
13,Xochimilco,c1335
7,Iztapalapa,c1336
7,Iztapalapa,c1337
13,Xochimilco,c1338
5,Gustavo A. Madero,c1339
4,Cuajimalpa de Morelos,c1340
12,Tlalpan,c1341
10,Álvaro Obregón,c1342
15,Cuauhtémoc,c1343
10,Álvaro Obregón,c1344
7,Iztapalapa,c1345
15,Cuauhtémoc,c1346
7,Iztapalapa,c1347
12,Tlalpan,c1348
15,Cuauhtémoc,c1349
16,Miguel Hidalgo,c1350
15,Cuauhtémoc,c1351
7,Iztapalapa,c1352
15,Cuauhtémoc,c1353
13,Xochimilco,c1354
16,Miguel Hidalgo,c1355
12,Tlalpan,c1356
7,Iztapalapa,c1357
15,Cuauhtémoc,c1358
4,Cuajimalpa de Morelos,c1359
12,Tlalpan,c1360
11,Tláhuac,c1361
7,Iztapalapa,c1362
15,Cuauhtémoc,c1363
10,Álvaro Obregón,c1364
15,Cuauhtémoc,c1365
13,Xochimilco,c1366
14,Benito Juárez,c1367
15,Cuauhtémoc,c1368
13,Xochimilco,c1369
5,Gustavo A. Madero,c1370
7,Iztapalapa,c1371
12,Tlalpan,c1372
3,Coyoacán,c1373
10,Álvaro Obregón,c1374
14,Benito Juárez,c1375
7,Iztapalapa,c1376
7,Iztapalapa,c1377
8,La Magdalena Contreras,c1378
7,Iztapalapa,c1379
7,Iztapalapa,c1380
8,La Magdalena Contreras,c1381
4,Cuajimalpa de Morelos,c1382
12,Tlalpan,c1383
15,Cuauhtémoc,c1384
12,Tlalpan,c1385
16,Miguel Hidalgo,c1386
2,Azcapotzalco,c1387
14,Benito Juárez,c1388
12,Tlalpan,c1389
12,Tlalpan,c1390
7,Iztapalapa,c1391
15,Cuauhtémoc,c1392
12,Tlalpan,c1393
10,Álvaro Obregón,c1394
13,Xochimilco,c1395
7,Iztapalapa,c1396
2,Azcapotzalco,c1397
3,Coyoacán,c1398
2,Azcapotzalco,c1399
15,Cuauhtémoc,c1400
5,Gustavo A. Madero,c1401
13,Xochimilco,c1402
15,Cuauhtémoc,c1403
16,Miguel Hidalgo,c1404
13,Xochimilco,c1405
9,Milpa Alta,c1406
15,Cuauhtémoc,c1407
15,Cuauhtémoc,c1408
7,Iztapalapa,c1409
2,Azcapotzalco,c1410
15,Cuauhtémoc,c1411
14,Benito Juárez,c1412
2,Azcapotzalco,c1413
3,Coyoacán,c1414
3,Coyoacán,c1415
11,Tláhuac,c1416
7,Iztapalapa,c1417
12,Tlalpan,c1418
5,Gustavo A. Madero,c1419
12,Tlalpan,c1420
11,Tláhuac,c1421
13,Xochimilco,c1422
7,Iztapalapa,c1423
13,Xochimilco,c1424
3,Coyoacán,c1425
10,Álvaro Obregón,c1426
5,Gustavo A. Madero,c1427
10,Álvaro Obregón,c1428
5,Gustavo A. Madero,c1429
13,Xochimilco,c1430
8,La Magdalena Contreras,c1431
13,Xochimilco,c1432
12,Tlalpan,c1433
11,Tláhuac,c1434
17,Venustiano Carranza,c1435
2,Azcapotzalco,c1436
12,Tlalpan,c1437
11,Tláhuac,c1438
11,Tláhuac,c1439
11,Tláhuac,c1440
12,Tlalpan,c1441
15,Cuauhtémoc,c1442
4,Cuajimalpa de Morelos,c1443
11,Tláhuac,c1444
4,Cuajimalpa de Morelos,c1445
4,Cuajimalpa de Morelos,c1446
12,Tlalpan,c1447
12,Tlalpan,c1448
4,Cuajimalpa de Morelos,c1449
7,Iztapalapa,c1450
4,Cuajimalpa de Morelos,c1451
7,Iztapalapa,c1452
2,Azcapotzalco,c1453
12,Tlalpan,c1454
15,Cuauhtémoc,c1455
4,Cuajimalpa de Morelos,c1456
4,Cuajimalpa de Morelos,c1457
12,Tlalpan,c1458
12,Tlalpan,c1459
15,Cuauhtémoc,c1460
13,Xochimilco,c1461
14,Benito Juárez,c1462
7,Iztapalapa,c1463
10,Álvaro Obregón,c1464
11,Tláhuac,c1465
7,Iztapalapa,c1466
14,Benito Juárez,c1467
7,Iztapalapa,c1468
17,Venustiano Carranza,c1469
11,Tláhuac,c1470
5,Gustavo A. Madero,c1471
12,Tlalpan,c1472
14,Benito Juárez,c1473
16,Miguel Hidalgo,c1474
7,Iztapalapa,c1475
12,Tlalpan,c1476
12,Tlalpan,c1477
7,Iztapalapa,c1478
12,Tlalpan,c1479
15,Cuauhtémoc,c1480
2,Azcapotzalco,c1481
15,Cuauhtémoc,c1482
10,Álvaro Obregón,c1483
16,Miguel Hidalgo,c1484
10,Álvaro Obregón,c1485
10,Álvaro Obregón,c1486
13,Xochimilco,c1487
4,Cuajimalpa de Morelos,c1488
13,Xochimilco,c1489
5,Gustavo A. Madero,c1490
16,Miguel Hidalgo,c1491
13,Xochimilco,c1492
3,Coyoacán,c1493
7,Iztapalapa,c1494
12,Tlalpan,c1495
8,La Magdalena Contreras,c1496
12,Tlalpan,c1497
14,Benito Juárez,c1498
4,Cuajimalpa de Morelos,c1499
10,Álvaro Obregón,c1500
12,Tlalpan,c1501
2,Azcapotzalco,c1502
2,Azcapotzalco,c1503
2,Azcapotzalco,c1504
10,Álvaro Obregón,c1505
10,Álvaro Obregón,c1506
12,Tlalpan,c1507
10,Álvaro Obregón,c1508
16,Miguel Hidalgo,c1509
9,Milpa Alta,c1510
4,Cuajimalpa de Morelos,c1511
12,Tlalpan,c1512
8,La Magdalena Contreras,c1513
12,Tlalpan,c1514
2,Azcapotzalco,c1515
9,Milpa Alta,c1516
11,Tláhuac,c1517
5,Gustavo A. Madero,c1518
15,Cuauhtémoc,c1519
3,Coyoacán,c1520
5,Gustavo A. Madero,c1521
12,Tlalpan,c1522
12,Tlalpan,c1523
3,Coyoacán,c1524
11,Tláhuac,c1525
17,Venustiano Carranza,c1526
4,Cuajimalpa de Morelos,c1527
7,Iztapalapa,c1528
2,Azcapotzalco,c1529
16,Miguel Hidalgo,c1530
2,Azcapotzalco,c1531
14,Benito Juárez,c1532
16,Miguel Hidalgo,c1533
13,Xochimilco,c1534
2,Azcapotzalco,c1535
3,Coyoacán,c1536
12,Tlalpan,c1537
10,Álvaro Obregón,c1538
5,Gustavo A. Madero,c1539
11,Tláhuac,c1540
13,Xochimilco,c1541
4,Cuajimalpa de Morelos,c1542
16,Miguel Hidalgo,c1543
2,Azcapotzalco,c1544
5,Gustavo A. Madero,c1545
12,Tlalpan,c1546
12,Tlalpan,c1547
7,Iztapalapa,c1548
5,Gustavo A. Madero,c1549
12,Tlalpan,c1550
3,Coyoacán,c1551
14,Benito Juárez,c1552
5,Gustavo A. Madero,c1553
10,Álvaro Obregón,c1554
12,Tlalpan,c1555
15,Cuauhtémoc,c1556
11,Tláhuac,c1557
7,Iztapalapa,c1558
13,Xochimilco,c1559
10,Álvaro Obregón,c1560
7,Iztapalapa,c1561
15,Cuauhtémoc,c1562
7,Iztapalapa,c1563
11,Tláhuac,c1564
13,Xochimilco,c1565
6,Iztacalco,c1566
11,Tláhuac,c1567
10,Álvaro Obregón,c1568
4,Cuajimalpa de Morelos,c1569
15,Cuauhtémoc,c1570
8,La Magdalena Contreras,c1571
12,Tlalpan,c1572
16,Miguel Hidalgo,c1573
10,Álvaro Obregón,c1574
16,Miguel Hidalgo,c1575
15,Cuauhtémoc,c1576
12,Tlalpan,c1577
16,Miguel Hidalgo,c1578
12,Tlalpan,c1579
17,Venustiano Carranza,c1580
12,Tlalpan,c1581
12,Tlalpan,c1582
7,Iztapalapa,c1583
15,Cuauhtémoc,c1584
16,Miguel Hidalgo,c1585
16,Miguel Hidalgo,c1586
12,Tlalpan,c1587
16,Miguel Hidalgo,c1588
3,Coyoacán,c1589
11,Tláhuac,c1590
17,Venustiano Carranza,c1591
12,Tlalpan,c1592
16,Miguel Hidalgo,c1593
12,Tlalpan,c1594
16,Miguel Hidalgo,c1595
12,Tlalpan,c1596
16,Miguel Hidalgo,c1597
16,Miguel Hidalgo,c1598
16,Miguel Hidalgo,c1599
16,Miguel Hidalgo,c1600
16,Miguel Hidalgo,c1601
16,Miguel Hidalgo,c1602
16,Miguel Hidalgo,c1603
2,Azcapotzalco,c1604
16,Miguel Hidalgo,c1605
15,Cuauhtémoc,c1606
12,Tlalpan,c1607
3,Coyoacán,c1608
2,Azcapotzalco,c1609
5,Gustavo A. Madero,c1610
16,Miguel Hidalgo,c1611
6,Iztacalco,c1612
7,Iztapalapa,c1613
4,Cuajimalpa de Morelos,c1614
6,Iztacalco,c1615
6,Iztacalco,c1616
17,Venustiano Carranza,c1617
17,Venustiano Carranza,c1618
16,Miguel Hidalgo,c1619
14,Benito Juárez,c1620
2,Azcapotzalco,c1621
8,La Magdalena Contreras,c1622
12,Tlalpan,c1623
15,Cuauhtémoc,c1624
11,Tláhuac,c1625
10,Álvaro Obregón,c1626
16,Miguel Hidalgo,c1627
10,Álvaro Obregón,c1628
7,Iztapalapa,c1629
15,Cuauhtémoc,c1630
6,Iztacalco,c1631
3,Coyoacán,c1632
4,Cuajimalpa de Morelos,c1633
15,Cuauhtémoc,c1634
14,Benito Juárez,c1635
7,Iztapalapa,c1636
4,Cuajimalpa de Morelos,c1637
16,Miguel Hidalgo,c1638
4,Cuajimalpa de Morelos,c1639
5,Gustavo A. Madero,c1640
14,Benito Juárez,c1641
2,Azcapotzalco,c1642
12,Tlalpan,c1643
16,Miguel Hidalgo,c1644
4,Cuajimalpa de Morelos,c1645
12,Tlalpan,c1646
11,Tláhuac,c1647
12,Tlalpan,c1648
15,Cuauhtémoc,c1649
10,Álvaro Obregón,c1650
5,Gustavo A. Madero,c1651
12,Tlalpan,c1652
7,Iztapalapa,c1653
2,Azcapotzalco,c1654
14,Benito Juárez,c1655
4,Cuajimalpa de Morelos,c1656
14,Benito Juárez,c1657
7,Iztapalapa,c1658
12,Tlalpan,c1659
15,Cuauhtémoc,c1660
12,Tlalpan,c1661
8,La Magdalena Contreras,c1662
10,Álvaro Obregón,c1663
7,Iztapalapa,c1664
7,Iztapalapa,c1665
6,Iztacalco,c1666
14,Benito Juárez,c1667
7,Iztapalapa,c1668
7,Iztapalapa,c1669
2,Azcapotzalco,c1670
7,Iztapalapa,c1671
3,Coyoacán,c1672
16,Miguel Hidalgo,c1673
4,Cuajimalpa de Morelos,c1674
13,Xochimilco,c1675
10,Álvaro Obregón,c1676
3,Coyoacán,c1677
10,Álvaro Obregón,c1678
11,Tláhuac,c1679
16,Miguel Hidalgo,c1680
7,Iztapalapa,c1681
14,Benito Juárez,c1682
10,Álvaro Obregón,c1683
12,Tlalpan,c1684
12,Tlalpan,c1685
16,Miguel Hidalgo,c1686
17,Venustiano Carranza,c1687
12,Tlalpan,c1688
3,Coyoacán,c1689
3,Coyoacán,c1690
7,Iztapalapa,c1691
6,Iztacalco,c1692
14,Benito Juárez,c1693
10,Álvaro Obregón,c1694
12,Tlalpan,c1695
16,Miguel Hidalgo,c1696
16,Miguel Hidalgo,c1697
10,Álvaro Obregón,c1698
15,Cuauhtémoc,c1699
12,Tlalpan,c1700
12,Tlalpan,c1701
15,Cuauhtémoc,c1702
2,Azcapotzalco,c1703
14,Benito Juárez,c1704
7,Iztapalapa,c1705
4,Cuajimalpa de Morelos,c1706
12,Tlalpan,c1707
7,Iztapalapa,c1708
16,Miguel Hidalgo,c1709
12,Tlalpan,c1710
3,Coyoacán,c1711
12,Tlalpan,c1712
12,Tlalpan,c1713
16,Miguel Hidalgo,c1714
4,Cuajimalpa de Morelos,c1715
4,Cuajimalpa de Morelos,c1716
3,Coyoacán,c1717
12,Tlalpan,c1718
10,Álvaro Obregón,c1719
15,Cuauhtémoc,c1720
13,Xochimilco,c1721
15,Cuauhtémoc,c1722
15,Cuauhtémoc,c1723
7,Iztapalapa,c1724
13,Xochimilco,c1725
12,Tlalpan,c1726
15,Cuauhtémoc,c1727
12,Tlalpan,c1728
5,Gustavo A. Madero,c1729
5,Gustavo A. Madero,c1730
5,Gustavo A. Madero,c1731
7,Iztapalapa,c1732
15,Cuauhtémoc,c1733
7,Iztapalapa,c1734
7,Iztapalapa,c1735
5,Gustavo A. Madero,c1736
7,Iztapalapa,c1737
17,Venustiano Carranza,c1738
15,Cuauhtémoc,c1739
16,Miguel Hidalgo,c1740
17,Venustiano Carranza,c1741
7,Iztapalapa,c1742
12,Tlalpan,c1743
5,Gustavo A. Madero,c1744
14,Benito Juárez,c1745
3,Coyoacán,c1746
12,Tlalpan,c1747
12,Tlalpan,c1748
13,Xochimilco,c1749
14,Benito Juárez,c1750
7,Iztapalapa,c1751
12,Tlalpan,c1752
12,Tlalpan,c1753
15,Cuauhtémoc,c1754
16,Miguel Hidalgo,c1755
14,Benito Juárez,c1756
15,Cuauhtémoc,c1757
15,Cuauhtémoc,c1758
6,Iztacalco,c1759
15,Cuauhtémoc,c1760
15,Cuauhtémoc,c1761
7,Iztapalapa,c1762
14,Benito Juárez,c1763
13,Xochimilco,c1764
16,Miguel Hidalgo,c1765
12,Tlalpan,c1766
7,Iztapalapa,c1767
14,Benito Juárez,c1768
17,Venustiano Carranza,c1769
4,Cuajimalpa de Morelos,c1770
12,Tlalpan,c1771
2,Azcapotzalco,c1772
14,Benito Juárez,c1773
15,Cuauhtémoc,c1774
7,Iztapalapa,c1775
12,Tlalpan,c1776
7,Iztapalapa,c1777
6,Iztacalco,c1778
7,Iztapalapa,c1779
9,Milpa Alta,c1780
15,Cuauhtémoc,c1781
13,Xochimilco,c1782
14,Benito Juárez,c1783
5,Gustavo A. Madero,c1784
17,Venustiano Carranza,c1785
10,Álvaro Obregón,c1786
2,Azcapotzalco,c1787
3,Coyoacán,c1788
3,Coyoacán,c1789
3,Coyoacán,c1790
15,Cuauhtémoc,c1791
16,Miguel Hidalgo,c1792
15,Cuauhtémoc,c1793
11,Tláhuac,c1794
12,Tlalpan,c1795
2,Azcapotzalco,c1796
2,Azcapotzalco,c1797
5,Gustavo A. Madero,c1798
5,Gustavo A. Madero,c1799
3,Coyoacán,c1800
7,Iztapalapa,c1801
13,Xochimilco,c1802
13,Xochimilco,c1803
15,Cuauhtémoc,c1804
10,Álvaro Obregón,c1805
5,Gustavo A. Madero,c1806
15,Cuauhtémoc,c1807
10,Álvaro Obregón,c1808
3,Coyoacán,c1809
14,Benito Juárez,c1810
15,Cuauhtémoc,c1811
7,Iztapalapa,c1812
10,Álvaro Obregón,c1813
7,Iztapalapa,c1814
15,Cuauhtémoc,c1815
4,Cuajimalpa de Morelos,c1816
15,Cuauhtémoc,c1817
15,Cuauhtémoc,c1818
12,Tlalpan,c1819
16,Miguel Hidalgo,c1820
8,La Magdalena Contreras,c1821
12,Tlalpan,c1822
10,Álvaro Obregón,c1823
12,Tlalpan,c1824
4,Cuajimalpa de Morelos,c1825
5,Gustavo A. Madero,c1826
10,Álvaro Obregón,c1827
4,Cuajimalpa de Morelos,c1828
12,Tlalpan,c1829
7,Iztapalapa,c1830
2,Azcapotzalco,c1831
7,Iztapalapa,c1832
14,Benito Juárez,c1833
12,Tlalpan,c1834
14,Benito Juárez,c1835
15,Cuauhtémoc,c1836
16,Miguel Hidalgo,c1837
17,Venustiano Carranza,c1838
7,Iztapalapa,c1839
12,Tlalpan,c1840
15,Cuauhtémoc,c1841
3,Coyoacán,c1842
16,Miguel Hidalgo,c1843
7,Iztapalapa,c1844
2,Azcapotzalco,c1845
10,Álvaro Obregón,c1846
7,Iztapalapa,c1847
7,Iztapalapa,c1848
7,Iztapalapa,c1849
5,Gustavo A. Madero,c1850
12,Tlalpan,c1851
5,Gustavo A. Madero,c1852
16,Miguel Hidalgo,c1853
2,Azcapotzalco,c1854
14,Benito Juárez,c1855
12,Tlalpan,c1856
10,Álvaro Obregón,c1857
17,Venustiano Carranza,c1858
16,Miguel Hidalgo,c1859
17,Venustiano Carranza,c1860
5,Gustavo A. Madero,c1861
5,Gustavo A. Madero,c1862
7,Iztapalapa,c1863
7,Iztapalapa,c1864
7,Iztapalapa,c1865
7,Iztapalapa,c1866
15,Cuauhtémoc,c1867
5,Gustavo A. Madero,c1868
14,Benito Juárez,c1869
10,Álvaro Obregón,c1870
7,Iztapalapa,c1871
10,Álvaro Obregón,c1872
15,Cuauhtémoc,c1873
5,Gustavo A. Madero,c1874
10,Álvaro Obregón,c1875
7,Iztapalapa,c1876
3,Coyoacán,c1877
10,Álvaro Obregón,c1878
14,Benito Juárez,c1879
10,Álvaro Obregón,c1880
2,Azcapotzalco,c1881
7,Iztapalapa,c1882
7,Iztapalapa,c1883
5,Gustavo A. Madero,c1884
12,Tlalpan,c1885
10,Álvaro Obregón,c1886
17,Venustiano Carranza,c1887
5,Gustavo A. Madero,c1888
5,Gustavo A. Madero,c1889
12,Tlalpan,c1890
11,Tláhuac,c1891
15,Cuauhtémoc,c1892
12,Tlalpan,c1893
2,Azcapotzalco,c1894
2,Azcapotzalco,c1895
13,Xochimilco,c1896
2,Azcapotzalco,c1897
2,Azcapotzalco,c1898
14,Benito Juárez,c1899
10,Álvaro Obregón,c1900
14,Benito Juárez,c1901
3,Coyoacán,c1902
12,Tlalpan,c1903
17,Venustiano Carranza,c1904
2,Azcapotzalco,c1905
10,Álvaro Obregón,c1906
12,Tlalpan,c1907
11,Tláhuac,c1908
15,Cuauhtémoc,c1909
10,Álvaro Obregón,c1910
8,La Magdalena Contreras,c1911
14,Benito Juárez,c1912
14,Benito Juárez,c1913
11,Tláhuac,c1914
15,Cuauhtémoc,c1915
16,Miguel Hidalgo,c1916
16,Miguel Hidalgo,c1917
5,Gustavo A. Madero,c1918
12,Tlalpan,c1919
3,Coyoacán,c1920
15,Cuauhtémoc,c1921
16,Miguel Hidalgo,c1922
17,Venustiano Carranza,c1923
12,Tlalpan,c1924
15,Cuauhtémoc,c1925
10,Álvaro Obregón,c1926
7,Iztapalapa,c1927
4,Cuajimalpa de Morelos,c1928
10,Álvaro Obregón,c1929
10,Álvaro Obregón,c1930
2,Azcapotzalco,c1931
10,Álvaro Obregón,c1932
16,Miguel Hidalgo,c1933
5,Gustavo A. Madero,c1934
10,Álvaro Obregón,c1935
7,Iztapalapa,c1936
10,Álvaro Obregón,c1937
17,Venustiano Carranza,c1938
14,Benito Juárez,c1939
5,Gustavo A. Madero,c1940
4,Cuajimalpa de Morelos,c1941
3,Coyoacán,c1942
10,Álvaro Obregón,c1943
5,Gustavo A. Madero,c1944
3,Coyoacán,c1945
3,Coyoacán,c1946
5,Gustavo A. Madero,c1947
7,Iztapalapa,c1948
14,Benito Juárez,c1949
12,Tlalpan,c1950
17,Venustiano Carranza,c1951
3,Coyoacán,c1952
3,Coyoacán,c1953
15,Cuauhtémoc,c1954
15,Cuauhtémoc,c1955
15,Cuauhtémoc,c1956
13,Xochimilco,c1957
7,Iztapalapa,c1958
12,Tlalpan,c1959
12,Tlalpan,c1960
10,Álvaro Obregón,c1961
7,Iztapalapa,c1962
15,Cuauhtémoc,c1963
3,Coyoacán,c1964
16,Miguel Hidalgo,c1965
16,Miguel Hidalgo,c1966
16,Miguel Hidalgo,c1967
15,Cuauhtémoc,c1968
5,Gustavo A. Madero,c1969
4,Cuajimalpa de Morelos,c1970
4,Cuajimalpa de Morelos,c1971
10,Álvaro Obregón,c1972
4,Cuajimalpa de Morelos,c1973
4,Cuajimalpa de Morelos,c1974
7,Iztapalapa,c1975
7,Iztapalapa,c1976
12,Tlalpan,c1977
7,Iztapalapa,c1978
5,Gustavo A. Madero,c1979
17,Venustiano Carranza,c1980
17,Venustiano Carranza,c1981
10,Álvaro Obregón,c1982
7,Iztapalapa,c1983
12,Tlalpan,c1984
4,Cuajimalpa de Morelos,c1985
2,Azcapotzalco,c1986
14,Benito Juárez,c1987
16,Miguel Hidalgo,c1988
12,Tlalpan,c1989
13,Xochimilco,c1990
12,Tlalpan,c1991
12,Tlalpan,c1992
3,Coyoacán,c1993
13,Xochimilco,c1994
10,Álvaro Obregón,c1995
2,Azcapotzalco,c1996
3,Coyoacán,c1997
2,Azcapotzalco,c1998
5,Gustavo A. Madero,c1999
12,Tlalpan,c2000
12,Tlalpan,c2001
2,Azcapotzalco,c2002
13,Xochimilco,c2003
7,Iztapalapa,c2004
12,Tlalpan,c2005
12,Tlalpan,c2006
16,Miguel Hidalgo,c2007
10,Álvaro Obregón,c2008
8,La Magdalena Contreras,c2009
2,Azcapotzalco,c2010
2,Azcapotzalco,c2011
12,Tlalpan,c2012
11,Tláhuac,c2013
12,Tlalpan,c2014
6,Iztacalco,c2015
12,Tlalpan,c2016
17,Venustiano Carranza,c2017
14,Benito Juárez,c2018
10,Álvaro Obregón,c2019
5,Gustavo A. Madero,c2020
16,Miguel Hidalgo,c2021
14,Benito Juárez,c2022
17,Venustiano Carranza,c2023
16,Miguel Hidalgo,c2024
4,Cuajimalpa de Morelos,c2025
12,Tlalpan,c2026
3,Coyoacán,c2027
4,Cuajimalpa de Morelos,c2028
7,Iztapalapa,c2029
15,Cuauhtémoc,c2030
17,Venustiano Carranza,c2031
16,Miguel Hidalgo,c2032
7,Iztapalapa,c2033
3,Coyoacán,c2034
12,Tlalpan,c2035
10,Álvaro Obregón,c2036
13,Xochimilco,c2037
17,Venustiano Carranza,c2038
7,Iztapalapa,c2039
10,Álvaro Obregón,c2040
16,Miguel Hidalgo,c2041
16,Miguel Hidalgo,c2042
7,Iztapalapa,c2043
8,La Magdalena Contreras,c2044
7,Iztapalapa,c2045
12,Tlalpan,c2046
17,Venustiano Carranza,c2047
14,Benito Juárez,c2048
14,Benito Juárez,c2049
10,Álvaro Obregón,c2050
10,Álvaro Obregón,c2051
16,Miguel Hidalgo,c2052
3,Coyoacán,c2053
10,Álvaro Obregón,c2054
5,Gustavo A. Madero,c2055
12,Tlalpan,c2056
12,Tlalpan,c2057
10,Álvaro Obregón,c2058
2,Azcapotzalco,c2059
10,Álvaro Obregón,c2060
15,Cuauhtémoc,c2061
7,Iztapalapa,c2062
6,Iztacalco,c2063
12,Tlalpan,c2064
15,Cuauhtémoc,c2065
12,Tlalpan,c2066
12,Tlalpan,c2067
15,Cuauhtémoc,c2068
15,Cuauhtémoc,c2069
6,Iztacalco,c2070
13,Xochimilco,c2071
10,Álvaro Obregón,c2072
15,Cuauhtémoc,c2073
12,Tlalpan,c2074
14,Benito Juárez,c2075
11,Tláhuac,c2076
3,Coyoacán,c2077
16,Miguel Hidalgo,c2078
13,Xochimilco,c2079
16,Miguel Hidalgo,c2080
2,Azcapotzalco,c2081
7,Iztapalapa,c2082
7,Iztapalapa,c2083
14,Benito Juárez,c2084
7,Iztapalapa,c2085
16,Miguel Hidalgo,c2086
12,Tlalpan,c2087
17,Venustiano Carranza,c2088
11,Tláhuac,c2089
3,Coyoacán,c2090
13,Xochimilco,c2091
3,Coyoacán,c2092
7,Iztapalapa,c2093
16,Miguel Hidalgo,c2094
16,Miguel Hidalgo,c2095
3,Coyoacán,c2096
7,Iztapalapa,c2097
16,Miguel Hidalgo,c2098
10,Álvaro Obregón,c2099
2,Azcapotzalco,c2100
5,Gustavo A. Madero,c2101
14,Benito Juárez,c2102
10,Álvaro Obregón,c2103
11,Tláhuac,c2104
17,Venustiano Carranza,c2105
7,Iztapalapa,c2106
12,Tlalpan,c2107
12,Tlalpan,c2108
6,Iztacalco,c2109
6,Iztacalco,c2110
3,Coyoacán,c2111
6,Iztacalco,c2112
7,Iztapalapa,c2113
10,Álvaro Obregón,c2114
16,Miguel Hidalgo,c2115
16,Miguel Hidalgo,c2116
15,Cuauhtémoc,c2117
12,Tlalpan,c2118
15,Cuauhtémoc,c2119
14,Benito Juárez,c2120
14,Benito Juárez,c2121
15,Cuauhtémoc,c2122
14,Benito Juárez,c2123
7,Iztapalapa,c2124
12,Tlalpan,c2125
17,Venustiano Carranza,c2126
16,Miguel Hidalgo,c2127
7,Iztapalapa,c2128
6,Iztacalco,c2129
10,Álvaro Obregón,c2130
15,Cuauhtémoc,c2131
6,Iztacalco,c2132
10,Álvaro Obregón,c2133
16,Miguel Hidalgo,c2134
2,Azcapotzalco,c2135
4,Cuajimalpa de Morelos,c2136
15,Cuauhtémoc,c2137
15,Cuauhtémoc,c2138
3,Coyoacán,c2139
7,Iztapalapa,c2140
16,Miguel Hidalgo,c2141
7,Iztapalapa,c2142
15,Cuauhtémoc,c2143
15,Cuauhtémoc,c2144
17,Venustiano Carranza,c2145
14,Benito Juárez,c2146
7,Iztapalapa,c2147
15,Cuauhtémoc,c2148
12,Tlalpan,c2149
4,Cuajimalpa de Morelos,c2150
16,Miguel Hidalgo,c2151
7,Iztapalapa,c2152
16,Miguel Hidalgo,c2153
10,Álvaro Obregón,c2154
16,Miguel Hidalgo,c2155
10,Álvaro Obregón,c2156
10,Álvaro Obregón,c2157
17,Venustiano Carranza,c2158
14,Benito Juárez,c2159
3,Coyoacán,c2160
7,Iztapalapa,c2161
15,Cuauhtémoc,c2162
11,Tláhuac,c2163
11,Tláhuac,c2164
11,Tláhuac,c2165
15,Cuauhtémoc,c2166
7,Iztapalapa,c2167
12,Tlalpan,c2168
11,Tláhuac,c2169
7,Iztapalapa,c2170
15,Cuauhtémoc,c2171
7,Iztapalapa,c2172
15,Cuauhtémoc,c2173
16,Miguel Hidalgo,c2174
12,Tlalpan,c2175
12,Tlalpan,c2176
14,Benito Juárez,c2177
13,Xochimilco,c2178
7,Iztapalapa,c2179
15,Cuauhtémoc,c2180
15,Cuauhtémoc,c2181
10,Álvaro Obregón,c2182
15,Cuauhtémoc,c2183
5,Gustavo A. Madero,c2184
4,Cuajimalpa de Morelos,c2185
16,Miguel Hidalgo,c2186
12,Tlalpan,c2187
3,Coyoacán,c2188
12,Tlalpan,c2189
7,Iztapalapa,c2190
6,Iztacalco,c2191
12,Tlalpan,c2192
16,Miguel Hidalgo,c2193
7,Iztapalapa,c2194
7,Iztapalapa,c2195
3,Coyoacán,c2196
15,Cuauhtémoc,c2197
13,Xochimilco,c2198
2,Azcapotzalco,c2199
3,Coyoacán,c2200
15,Cuauhtémoc,c2201
3,Coyoacán,c2202
10,Álvaro Obregón,c2203
8,La Magdalena Contreras,c2204
7,Iztapalapa,c2205
10,Álvaro Obregón,c2206
4,Cuajimalpa de Morelos,c2207
15,Cuauhtémoc,c2208
12,Tlalpan,c2209
7,Iztapalapa,c2210
7,Iztapalapa,c2211
12,Tlalpan,c2212
15,Cuauhtémoc,c2213
10,Álvaro Obregón,c2214
10,Álvaro Obregón,c2215
5,Gustavo A. Madero,c2216
12,Tlalpan,c2217
16,Miguel Hidalgo,c2218
12,Tlalpan,c2219
14,Benito Juárez,c2220
6,Iztacalco,c2221
7,Iztapalapa,c2222
7,Iztapalapa,c2223
3,Coyoacán,c2224
3,Coyoacán,c2225
4,Cuajimalpa de Morelos,c2226
11,Tláhuac,c2227
3,Coyoacán,c2228
3,Coyoacán,c2229
13,Xochimilco,c2230
2,Azcapotzalco,c2231
13,Xochimilco,c2232
15,Cuauhtémoc,c2233
7,Iztapalapa,c2234
7,Iztapalapa,c2235
7,Iztapalapa,c2236
15,Cuauhtémoc,c2237
11,Tláhuac,c2238
16,Miguel Hidalgo,c2239
3,Coyoacán,c2240
15,Cuauhtémoc,c2241
5,Gustavo A. Madero,c2242
4,Cuajimalpa de Morelos,c2243
17,Venustiano Carranza,c2244
15,Cuauhtémoc,c2245
12,Tlalpan,c2246
16,Miguel Hidalgo,c2247
15,Cuauhtémoc,c2248
10,Álvaro Obregón,c2249
3,Coyoacán,c2250
3,Coyoacán,c2251
7,Iztapalapa,c2252
4,Cuajimalpa de Morelos,c2253
7,Iztapalapa,c2254
15,Cuauhtémoc,c2255
12,Tlalpan,c2256
16,Miguel Hidalgo,c2257
3,Coyoacán,c2258
10,Álvaro Obregón,c2259
15,Cuauhtémoc,c2260
10,Álvaro Obregón,c2261
7,Iztapalapa,c2262
7,Iztapalapa,c2263
7,Iztapalapa,c2264
2,Azcapotzalco,c2265
7,Iztapalapa,c2266
7,Iztapalapa,c2267
14,Benito Juárez,c2268
10,Álvaro Obregón,c2269
4,Cuajimalpa de Morelos,c2270
13,Xochimilco,c2271
15,Cuauhtémoc,c2272
3,Coyoacán,c2273
15,Cuauhtémoc,c2274
15,Cuauhtémoc,c2275
5,Gustavo A. Madero,c2276
7,Iztapalapa,c2277
7,Iztapalapa,c2278
4,Cuajimalpa de Morelos,c2279
14,Benito Juárez,c2280
3,Coyoacán,c2281
3,Coyoacán,c2282
3,Coyoacán,c2283
14,Benito Juárez,c2284
12,Tlalpan,c2285
12,Tlalpan,c2286
3,Coyoacán,c2287
17,Venustiano Carranza,c2288
15,Cuauhtémoc,c2289
3,Coyoacán,c2290
15,Cuauhtémoc,c2291
12,Tlalpan,c2292
12,Tlalpan,c2293
7,Iztapalapa,c2294
15,Cuauhtémoc,c2295
7,Iztapalapa,c2296
10,Álvaro Obregón,c2297
17,Venustiano Carranza,c2298
3,Coyoacán,c2299
10,Álvaro Obregón,c2300
3,Coyoacán,c2301
3,Coyoacán,c2302
14,Benito Juárez,c2303
12,Tlalpan,c2304
12,Tlalpan,c2305
13,Xochimilco,c2306
7,Iztapalapa,c2307
16,Miguel Hidalgo,c2308
14,Benito Juárez,c2309
5,Gustavo A. Madero,c2310
10,Álvaro Obregón,c2311
14,Benito Juárez,c2312
14,Benito Juárez,c2313
14,Benito Juárez,c2314
15,Cuauhtémoc,c2315
5,Gustavo A. Madero,c2316
12,Tlalpan,c2317
7,Iztapalapa,c2318
12,Tlalpan,c2319
3,Coyoacán,c2320
14,Benito Juárez,c2321
15,Cuauhtémoc,c2322
9,Milpa Alta,c2323
5,Gustavo A. Madero,c2324
9,Milpa Alta,c2325
5,Gustavo A. Madero,c2326
12,Tlalpan,c2327
12,Tlalpan,c2328
7,Iztapalapa,c2329
7,Iztapalapa,c2330
12,Tlalpan,c2331
3,Coyoacán,c2332
3,Coyoacán,c2333
17,Venustiano Carranza,c2334
7,Iztapalapa,c2335
16,Miguel Hidalgo,c2336
5,Gustavo A. Madero,c2337
7,Iztapalapa,c2338
4,Cuajimalpa de Morelos,c2339
13,Xochimilco,c2340
7,Iztapalapa,c2341
7,Iztapalapa,c2342
16,Miguel Hidalgo,c2343
7,Iztapalapa,c2344
2,Azcapotzalco,c2345
10,Álvaro Obregón,c2346
10,Álvaro Obregón,c2347
12,Tlalpan,c2348
17,Venustiano Carranza,c2349
11,Tláhuac,c2350
7,Iztapalapa,c2351
3,Coyoacán,c2352
12,Tlalpan,c2353
4,Cuajimalpa de Morelos,c2354
2,Azcapotzalco,c2355
15,Cuauhtémoc,c2356
12,Tlalpan,c2357
3,Coyoacán,c2358
12,Tlalpan,c2359
3,Coyoacán,c2360
7,Iztapalapa,c2361
16,Miguel Hidalgo,c2362
10,Álvaro Obregón,c2363
15,Cuauhtémoc,c2364
7,Iztapalapa,c2365
8,La Magdalena Contreras,c2366
10,Álvaro Obregón,c2367
15,Cuauhtémoc,c2368
7,Iztapalapa,c2369
7,Iztapalapa,c2370
6,Iztacalco,c2371
3,Coyoacán,c2372
12,Tlalpan,c2373
10,Álvaro Obregón,c2374
5,Gustavo A. Madero,c2375
7,Iztapalapa,c2376
13,Xochimilco,c2377
14,Benito Juárez,c2378
12,Tlalpan,c2379
4,Cuajimalpa de Morelos,c2380
12,Tlalpan,c2381
6,Iztacalco,c2382
7,Iztapalapa,c2383
15,Cuauhtémoc,c2384
17,Venustiano Carranza,c2385
12,Tlalpan,c2386
7,Iztapalapa,c2387
12,Tlalpan,c2388
7,Iztapalapa,c2389
15,Cuauhtémoc,c2390
7,Iztapalapa,c2391
15,Cuauhtémoc,c2392
7,Iztapalapa,c2393
11,Tláhuac,c2394
3,Coyoacán,c2395
14,Benito Juárez,c2396
5,Gustavo A. Madero,c2397
5,Gustavo A. Madero,c2398
5,Gustavo A. Madero,c2399
15,Cuauhtémoc,c2400
5,Gustavo A. Madero,c2401
5,Gustavo A. Madero,c2402
5,Gustavo A. Madero,c2403
5,Gustavo A. Madero,c2404
5,Gustavo A. Madero,c2405
5,Gustavo A. Madero,c2406
5,Gustavo A. Madero,c2407
5,Gustavo A. Madero,c2408
5,Gustavo A. Madero,c2409
5,Gustavo A. Madero,c2410
5,Gustavo A. Madero,c2411
9,Milpa Alta,c2412
5,Gustavo A. Madero,c2413
5,Gustavo A. Madero,c2414
5,Gustavo A. Madero,c2415
7,Iztapalapa,c2416
3,Coyoacán,c2417
5,Gustavo A. Madero,c2418
7,Iztapalapa,c2419
5,Gustavo A. Madero,c2420
5,Gustavo A. Madero,c2421
5,Gustavo A. Madero,c2422
5,Gustavo A. Madero,c2423
4,Cuajimalpa de Morelos,c2424
3,Coyoacán,c2425
4,Cuajimalpa de Morelos,c2426
5,Gustavo A. Madero,c2427
5,Gustavo A. Madero,c2428
10,Álvaro Obregón,c2429
5,Gustavo A. Madero,c2430
5,Gustavo A. Madero,c2431
5,Gustavo A. Madero,c2432
5,Gustavo A. Madero,c2433
5,Gustavo A. Madero,c2434
5,Gustavo A. Madero,c2435
10,Álvaro Obregón,c2436
10,Álvaro Obregón,c2437
5,Gustavo A. Madero,c2438
5,Gustavo A. Madero,c2439
5,Gustavo A. Madero,c2440
7,Iztapalapa,c2441
5,Gustavo A. Madero,c2442
5,Gustavo A. Madero,c2443
5,Gustavo A. Madero,c2444
10,Álvaro Obregón,c2445
5,Gustavo A. Madero,c2446
5,Gustavo A. Madero,c2447
7,Iztapalapa,c2448
15,Cuauhtémoc,c2449
5,Gustavo A. Madero,c2450
5,Gustavo A. Madero,c2451
5,Gustavo A. Madero,c2452
5,Gustavo A. Madero,c2453
5,Gustavo A. Madero,c2454
3,Coyoacán,c2455
5,Gustavo A. Madero,c2456
5,Gustavo A. Madero,c2457
5,Gustavo A. Madero,c2458
12,Tlalpan,c2459
5,Gustavo A. Madero,c2460
5,Gustavo A. Madero,c2461
5,Gustavo A. Madero,c2462
5,Gustavo A. Madero,c2463
4,Cuajimalpa de Morelos,c2464
5,Gustavo A. Madero,c2465
7,Iztapalapa,c2466
5,Gustavo A. Madero,c2467
5,Gustavo A. Madero,c2468
5,Gustavo A. Madero,c2469
5,Gustavo A. Madero,c2470
5,Gustavo A. Madero,c2471
10,Álvaro Obregón,c2472
7,Iztapalapa,c2473
5,Gustavo A. Madero,c2474
12,Tlalpan,c2475
5,Gustavo A. Madero,c2476
5,Gustavo A. Madero,c2477
