pubID,topicQuery,typeQuery,tweet,tokens,hashtags,mentions,likeCount,replyCount,retweetCount,authorID,authorName,authorUsername,authorCreatedAt,authorVerified,followersCount,followingCount,pubDate,pubYear,pubMonth,pubDay,pubHour,pubMinute,geoID,geoName,longitude,latitude,validacion
1587530622527938560,incendio,palabras clave,"¬°Precauci√≥n! Por un #incendio, hallar√°s servicios de emergencia que laboran en Av. Benito Ju√°rez a la altura de Profesor Otilio Monta√±o, col. Santa Mar√≠a Aztahuacan, alcald√≠a Iztapalapa.","['precauci√≥n', 'hallar', 'servicio', 'emergencia', 'laborar', 'av', 'benito', 'juarez', 'altura', 'profesor', 'atilio', 'monta√±a', 'col', 'santa', 'mar√≠a', 'aztahuacan', 'alcald√≠a', 'iztapalapa']",['incendio'],[],3,0,0,40098528,Radio Tr√°fico Total,trafico889,2009-05-14 16:06:13,1,897302,69,2022-11-01 13:42:49,2022,11,1,13,42,7,Iztapalapa,-99.0567989642,19.3491663204,True
1587626383395540992,incendio,palabras clave,PRECAUCI√ìN: Carretera M√©xico Toluca y Av. Ju√°rez en Cuajimalpa nos reportan incendio üî•.,"['precauci√≥n', 'carretera', 'm√©xico', 'toluca', 'av', 'juarez', 'cuajimalpa', 'reportar', 'incendio']",[],[],19,0,5,87350793,SUUMA Voluntarios üöë,SUUMA_CDMX,2009-11-03 21:07:26,0,43177,86,2022-11-01 20:03:21,2022,11,1,20,3,4,Cuajimalpa de Morelos,-99.3107285253,19.3246343001,True
1587654957091667971,tr√°nsito,palabras clave,Denuncia @OHarfuch @Claudiashein @SSC_CDMX Que sobre la calle M√©xico direcci√≥n Xochimilco - Tulyehualco en el paraje conocido como Nativitas-Lecheria est√°n entre 4 a 6 tipos provocando tr√°fico extorsi√≥nando exigiendo dinero para dejar pasar. @c4jimenez,"['denunciar', 'calle', 'm√©xico', 'direcci√≥n', 'xochimilco', 'tulyehualco', 'paraje', 'conocido', 'nativas-lechera', 'tipo', 'provocar', 'tr√°fico', 'extorsi√≥nar', 'exigir', 'dinero', 'dejar', 'pasar']",[],"['OHarfuch', 'Claudiashein', 'SSC_CDMX', 'c4jimenez']",0,0,0,929437038666973185,Rafael _ 11,skypper_11,2017-11-11 13:53:52,0,0,4,2022-11-01 21:56:53,2022,11,1,21,56,13,Xochimilco,-99.0903636045,19.2451450458,True
1588582689891708929,tr√°nsito,palabras clave,"@OsielCruzV @c4jimenez @Alc_Iztapalapa @FiscaliaCDMX @C5_CDMX @UCS_GCDMX @VigimoviCDMX si, casi choca con un ciclista! y quer√≠a ir r√°pido a pesar del tr√°fico y se paso el alto... en fin, c5 tiene acceso a los videos! total!","['si', 'casi', 'chocar', 'ciclista', 'querer', 'ir', 'r√°pido', 'pesar', 'tr√°fico', 'paso', 'alto', 'fin', 'c5', 'acceso', 'video', 'total']",[],"['OsielCruzV', 'c4jimenez', 'Alc_Iztapalapa', 'FiscaliaCDMX', 'C5_CDMX', 'UCS_GCDMX', 'VigimoviCDMX']",0,0,0,1494795246856720391,Moka Bear,MokaBear30,2022-02-18 16:07:33,0,55,216,2022-11-04 11:23:22,2022,11,4,11,23,7,Iztapalapa,-99.0567989642,19.3491663204,True
1589076274995433473,tr√°nsito,palabras clave,"@Alc_Iztapalapa, @C5_CDMX, @SSC_CDMX buenas noches alcald√≠a, el cruce de Batallones Rojos esquina con Soto y Gama, casi llegando al mercado Juan √Ålvarez, fue cerrado por evento de los locales comerciales que se colocan cada noche, generando ruido y trafico https://t.co/YnSnqvKqal","['buena', 'noche', 'alcald√≠a', 'cruce', 'batallones', 'rojos', 'esquina', 'soto', 'gama', 'casi', 'llegar', 'mercado', 'juan', '√°lvarez', 'cerrado', 'evento', 'local', 'comercial', 'colocar', 'cada', 'noche', 'generar', 'ruido', 'trafico']",[],"['Alc_Iztapalapa', 'C5_CDMX', 'SSC_CDMX']",0,0,0,721848268557127681,Janeth Solache Mej√≠a,mjsm1975,2016-04-17 17:50:13,0,38,150,2022-11-05 20:04:42,2022,11,5,20,4,7,Iztapalapa,-99.0567989642,19.3491663204,True
1589470814034104320,pirotecnia,coordenadas,Alguien sabe por qu√© hay fuegos artificiales en @TuAlcaldiaGAM,"['alguien', 'saber', 'fuego', 'artificial']",[],['TuAlcaldiaGAM'],0,0,0,14504828,Zoonicornio‚Ñ¢,Zoonicornio,2008-04-23 19:55:20,0,419,567,2022-11-06 22:12:27,2022,11,6,22,12,16,Miguel Hidalgo,-99.180678,19.444937,True
1589723898454880258,incendio,palabras clave,"14:57 #Precauci√≥nVial | Servicios de emergencia acuden a calle Roble y Av. Capul√≠n, col. San Miguel Teotongo, @Alc_Iztapalapa, por reporte de incendio. Conduce con precauci√≥n y cede el paso. https://t.co/AWpoLYPb5L","['14', '57', 'servicio', 'emergencia', 'acudir', 'calle', 'roble', 'av', 'capul√≠n', 'col', 'san', 'miguel', 'teotongo', 'reporte', 'incendio', 'conducir', 'precauci√≥n', 'ceder', 'paso']",['Precauci√≥nVial'],['Alc_Iztapalapa'],0,0,0,166594238,OVIAL_SSCCDMX,OVIALCDMX,2010-07-14 09:00:43,1,1935869,133,2022-11-07 14:58:07,2022,11,7,14,58,7,Iztapalapa,-99.0567989642,19.3491663204,True
1589750217804767235,incendio,palabras clave,"¬°Precauci√≥n! Por un #incendio, servicios de emergencia laboran en un establecimiento comercial de la colonia Obrero Popular, alcald√≠a Azcapotzalco.","['precauci√≥n', 'servicio', 'emergencia', 'laborar', 'establecimiento', 'comercial', 'colonia', 'obrero', 'popular', 'alcald√≠a', 'azcapotzalco']",['incendio'],[],3,0,1,40098528,Radio Tr√°fico Total,trafico889,2009-05-14 16:06:13,1,897302,69,2022-11-07 16:42:42,2022,11,7,16,42,2,Azcapotzalco,-99.1821069423,19.4853286147,True
1590027735510192128,tr√°nsito,coordenadas,"A favor de un reglamentaci√≥n total de la invasi√≥n de motocicletas en CDMX @Claudiashein No respetan se√±alamientos menos reglamentos de tr√°nsito. Van a exceso de velocidad y son agresivos, no todos. Algunos armados y amenazantes. El ruido exagerado. Horrible. Siembran terrores. https://t.co/if6bz7NPB3","['favor', 'reglamentaci√≥n', 'total', 'invasi√≥n', 'motocicleta', 'cdmx', 'respetar', 'se√±alamiento', 'menos', 'reglamento', 'tr√°nsito', 'ir', 'exceso', 'velocidad', 'agresivo', 'armado', 'amenazante', 'ruido', 'exagerado', 'horrible', 'sembrar', 'terror']",[],['Claudiashein'],20,0,5,295223654,MAESTRO GUDINNI,FGudinni,2011-05-08 10:13:59,1,54973,2365,2022-11-08 11:05:28,2022,11,8,11,5,10,√Ålvaro Obreg√≥n,-99.1919955,19.357102,True
1590373322055122944,tr√°nsito,palabras clave,"#ReporteVial | üö¶ Colapsado el tr√°fico en Avenida √Ålvaro Obreg√≥n, por el bloqueo vial de esta ma√±ana en El T√∫nel. 
‚ö†Ô∏è PRECAUCI√ìN ‚ö†Ô∏è https://t.co/D2uzMWqFaz","['colapsar', 'tr√°fico', 'avenida', 'alvaro', 'obregon', 'bloqueo', 'vial', 'ma√±ana', 't√∫nel', 'precauci√≥n']",['ReporteVial'],[],0,0,0,582262732,PuntoPorPuntoTV,PuntoPorPuntoTV,2012-05-16 17:34:49,0,9392,805,2022-11-09 09:58:42,2022,11,9,9,58,10,√Ålvaro Obreg√≥n,-99.246819712,19.336175562,True
1590438670074785792,tr√°nsito,palabras clave,"Base ilegal de ruta 26 en la esq. de calzada de Tlalpan y av San Fernando junto el mercado de las flores entorpece el tr√°fico, mientras los dem√°s autobuses se pasan los altos o invaden paso peatonal en las narices de #TransitoCDMX @LaSEMOVI @UCS_GCDMX @ORTCDMX @OHarfuch https://t.co/iVcJr2vd5e","['base', 'ilegal', 'ruta', '26', 'esq', 'calzado', 'tlalpan', 'av', 'san', 'fernando', 'junto', 'mercado', 'flores', 'entorpecer', 'tr√°fico', 'mientras', 'dem√°', 'autob√∫s', 'pasar', 'alto', 'invadir', 'paso', 'peatonal', 'nariz']",['TransitoCDMX'],"['LaSEMOVI', 'UCS_GCDMX', 'ORTCDMX', 'OHarfuch']",0,2,0,1148657015339855873,Richie,Richie73163267,2019-07-09 12:15:48,0,7,138,2022-11-09 14:18:22,2022,11,9,14,18,12,Tlalpan,-99.2062207957,19.1983396763,True
1590449125295882242,incendio,palabras clave,"¬°Precauci√≥n! Por un #incendio de #veh√≠culo, servicios de emergencia se dirigen a la Av. Fray Servando Teresa de Mier y Francisco del Paso y Troncoso, colonia Jard√≠n Balbuena, alcald√≠a Venustiano Carranza. Alternativa: Av. del Taller.","['precauci√≥n', 'servicio', 'emergencia', 'dirigir', 'av', 'fray', 'servando', 'teresa', 'mier', 'francisco', 'paso', 'troncos', 'colonia', 'jard√≠n', 'ballena', 'alcald√≠a', 'venustiano', 'carranza', 'alternativa', 'av', 'taller']","['incendio', 'veh√≠culo']",[],1,0,0,40098528,Radio Tr√°fico Total,trafico889,2009-05-14 16:06:13,1,897302,69,2022-11-09 14:59:55,2022,11,9,14,59,17,Venustiano Carranza,-99.0931057959,19.4304954545,True
1590581422565122048,tr√°nsito,palabras clave,"Nel, hay mucho tr√°fico por todos lados ( hasta en el segundo piso). Se ve la contaminaci√≥n en las partes altas de la ciudad. En el oriente, av. Tlahuac es un desmadre. https://t.co/YLhIveedL6","['nel', 'tr√°fico', 'lado', 'segundo', 'piso', 'ver', 'contaminaci√≥n', 'parte', 'alto', 'ciudad', 'oriente', 'av', 'tlahuac', 'desmedro']",[],[],2,0,0,114994450,Viankys Medvedeva,vian_cosadivina,2010-02-17 01:52:01,0,5183,5153,2022-11-09 23:45:37,2022,11,9,23,45,11,Tl√°huac,-99.0028216137,19.2769983772,True
1590609940145930240,tr√°nsito,palabras clave,"@NarstroianneD @Tonno_EC @Cesman_M @MrElDiablo8 @Alc_Iztapalapa No se pasa el alto el motociclista? El taxi si se para pero la moto le quiere ganar al tr√°iler, su durante el d√≠a se meten entre los carros y no respetan el reglamento de tr√°nsito en la madrugada mucho menos","['pasar', 'alto', 'motociclista', 'taxi', 'si', 'moto', 'querer', 'ganar', 'tr√°iler', 'd√≠a', 'meter', 'carro', 'respetar', 'reglamento', 'tr√°nsito', 'madrugada', 'menos']",[],"['NarstroianneD', 'Tonno_EC', 'Cesman_M', 'MrElDiablo8', 'Alc_Iztapalapa']",0,0,0,2752100207,Gerardo,getobe82,2014-08-26 17:04:54,0,59,196,2022-11-10 01:38:56,2022,11,10,1,38,7,Iztapalapa,-99.0567989642,19.3491663204,True
1590780860738940928,tr√°nsito,palabras clave,"@Alcaldia_Coy Hola! Necesito reportar un sem√°foro en Calle Museo y Divisi√≥n del Norte Col. El Rosario Coyoac√°n, dura mucho el alto y se hace mucho tr√°fico. Gracias!","['hola', 'necesitar', 'reportar', 'sem√°foro', 'calle', 'museo', 'divisi√≥n', 'norte', 'col', 'rosario', 'coyoac√°n', 'dura', 'alto', 'hacer', 'tr√°fico', 'gracia']",[],['Alcaldia_Coy'],0,0,0,1052363247536525312,Ilsen,KarenCasarinG,2018-10-16 18:58:44,0,10,358,2022-11-10 12:58:07,2022,11,10,12,58,3,Coyoac√°n,-99.1503763525,19.3266672536,True
1590852130109546496,tr√°nsito,palabras clave,"Este caos de genera todos los d√≠as  en 5 de febrero alcald√≠a cuautemoc. Los oficiales de ssccdmx cierran los accesos a tlalpan. Brillante idea, bravo generan trafico y contaminaci√≥n. Bravo https://t.co/8piF54biWl","['caos', 'generar', 'd√≠a', 'febrero', 'alcald√≠a', 'cuauhtemoc', 'oficial', 'ssccdmx', 'cerrar', 'acceso', 'tlalpan', 'brillante', 'idea', 'bravo', 'generar', 'trafico', 'contaminaci√≥n', 'bravo']",[],[],2,0,1,1493801432063041539,J.L SALAZAR,caamano_salazar,2022-02-15 22:17:14,0,1,3,2022-11-10 17:41:19,2022,11,10,17,41,12,Tlalpan,-99.2062207957,19.1983396763,True
1590892207233327107,tr√°nsito,palabras clave,"Rutas 4 quieren cobrar $12 pesos alegandonque hay mucho tr√°fico y tomar√°n autopista. La que correde de tacubaya navidad 
#secretariadetrasnporte #Cuajimalpa #denuncia https://t.co/hIkN2kc5sb","['ruta', 'querer', 'cobrar', '$', '12', 'pesos', 'alegandonque', 'tr√°fico', 'tomar', 'autopista', 'correo', 'tacubaya', 'navidad']","['secretariadetrasnporte', 'Cuajimalpa', 'denuncia']",[],0,0,0,1482539156,orlando,sol_d_luna,2013-06-04 09:19:49,0,95,382,2022-11-10 20:20:34,2022,11,10,20,20,4,Cuajimalpa de Morelos,-99.3107285253,19.3246343001,True
1591079704953749509,incendio,palabras clave,"@FAOenEspanol Y la iglesia cat√≥lica est√° contribuyendo a √©ste cambio clim√°tico.pues lanza al espacio Millones de cohetones los que contaminan con: RUIDO, HUMO Y BASURA.
En la alcald√≠a Azcapotzalco hay mucho de esto.","['iglesia', 'cat√≥lico', 'contribuir', 'este', 'cambio', 'clim√°tico', 'pues', 'lanzar', 'espacio', 'mill√≥n', 'cohete', 'contaminar', 'ruido', 'humo', 'basura', 'alcald√≠a', 'azcapotzalco']",[],['FAOenEspanol'],0,0,0,1582021787981959170,Adolfo C√°rdenas,AdolfoCrdenas11,2022-10-17 08:54:47,0,0,7,2022-11-11 08:45:37,2022,11,11,8,45,2,Azcapotzalco,-99.1821069423,19.4853286147,True
1591112031960059904,tr√°nsito,palabras clave,Se cruzan bien chido el alto en el cruce de avenida Cuauht√©moc con Eugenia @UCS_GCDMX ah√≠ es en donde deber√≠an de poner un tr√°nsito fijo https://t.co/MJZXd5xV3Q,"['cruzar', 'bien', 'chino', 'alto', 'cruce', 'avenida', 'cuauhtemoc', 'eugenia', 'ah√≠', 'deber', 'poner', 'tr√°nsito', 'fijo']",[],['UCS_GCDMX'],0,0,0,1557364015252258817,Panphomet,WhoIsMaberto,2022-08-10 07:51:49,0,13,76,2022-11-11 10:54:04,2022,11,11,10,54,15,Cuauht√©moc,-99.1490557562,19.4313734294,True
1591230551390040064,tr√°nsito,palabras clave,"@SSC_CDMX quiero reportar una fila como de 10 autos, sobre tlalpan entre Xola y Villa de Cort√©s, la cual est√° provocando tr√°fico. https://t.co/jxL9VGehfm","['querer', 'reportar', 'fila', '10', 'auto', 'tlalpan', 'solo', 'villa', 'cort√©s', 'provocar', 'tr√°fico']",[],['SSC_CDMX'],0,0,0,1445146090806861829,Christopher Santiago,CapistranJuno,2021-10-04 15:57:48,0,1,82,2022-11-11 18:45:01,2022,11,11,18,45,12,Tlalpan,-99.2062207957,19.1983396763,True
1591239232320049153,tr√°nsito,palabras clave,"@UCS_GCDMX @C5_CDMX 
Buenas noches. Reporto demasiado tr√°fico inusual entre Av Universidad y Gabriel Mancera en la Col Acacias. Por lo mismo, hay mucho ruido c/los claxons.

Para + referencia, el conflicto est√° en Metro y Plaza Coyoac√°n y Radio F√≥rmula, por favor.¬°Muchas gracias!","['buena', 'noche', 'reportar', 'demasiado', 'tr√°fico', 'inusual', 'av', 'universidad', 'gabriel', 'mancera', 'col', 'acacias', 'mismo', 'ruido', 'claro', 'referencia', 'conflicto', 'metro', 'plaza', 'coyoac√°n', 'radio', 'f√≥rmula', 'favor', 'mucho', 'gracia']",[],"['UCS_GCDMX', 'C5_CDMX']",0,1,0,1281220188952768512,Familia Campos,FamiliaCampos2,2020-07-09 07:35:16,0,18,798,2022-11-11 19:19:31,2022,11,11,19,19,3,Coyoac√°n,-99.1503763525,19.3266672536,True
1591589001835982848,tr√°nsito,palabras clave,"@C5_CDMX alg√∫n reporte de bloqueo o accidente en la caseta de Tlalpan salida a Morelos? 
Est√° en alto total el tr√°fico.","['alguno', 'reporte', 'bloqueo', 'accidente', 'caseta', 'tlalpan', 'salida', 'morelos', 'alto', 'total', 'tr√°fico']",[],['C5_CDMX'],0,0,0,180981195,Clau Ram√≠rez,xqlodigoyopunto,2010-08-20 18:19:12,0,70,134,2022-11-12 18:29:22,2022,11,12,18,29,12,Tlalpan,-99.2062207957,19.1983396763,True
1591670691300007937,tr√°nsito,palabras clave,"reducci√≥n de un carril en Av. Coyoac√°n frente al #1909, no se afecta el tr√°nsito vehicular.

#ApoyoVial #Precauci√≥n https://t.co/XSgpeCkgMM","['reducci√≥n', 'carril', 'av', 'coyoac√°n', 'frente', 'afectar', 'tr√°nsito', 'vehicular']","['1909', 'ApoyoVial', 'Precauci√≥n']",[],0,0,0,1429847377393954818,ApoyoVial,InfotrafficMX,2021-08-23 10:47:47,0,2253,4994,2022-11-12 23:53:59,2022,11,12,23,53,3,Coyoac√°n,-99.1503763525,19.3266672536,True
1591819742217748483,incendio,palabras clave,"#Precauci√≥nüö®üöíServicios de emergencia trabajan en üî•incendio en casa habitaci√≥n en la colonia San Miguel, @Alc_Iztapalapa.

üîÄAlternativa vial: Morelos.

Ante cualquier emergencia üìû#911CDMX. #C5ConConfianza https://t.co/1UKsbFLGH5","['emergencia', 'trabajan', 'incendio', 'casa', 'habitaci√≥n', 'colonia', 'san', 'miguel', 'alternativa', 'vial', 'morelos', 'cualquiera', 'emergencia']","['Precauci√≥n', '911CDMX', 'C5ConConfianza']",['Alc_Iztapalapa'],28,0,1,195951901,C5 CDMX,C5_CDMX,2010-09-27 17:51:04,1,926207,763,2022-11-13 09:46:15,2022,11,13,9,46,7,Iztapalapa,-99.0567989642,19.3491663204,True
1591827593661403136,tr√°nsito,coordenadas,"@Claudiashein @OVIALCDMX @UCS_GCDMX parece que el restaurante ""El Gran Abanico"" tiene buenas relaciones con la autoridad, todos los d√≠as, y hoy que hay CONTINGENCIA mantiene su doble fila y ambos lados de la calle en Col. Tr√°nsito, ya saben donde est√°. Hagan algo de verdad.","['parecer', 'restaurante', 'gran', 'abanico', 'buena', 'relaci√≥n', 'autoridad', 'd√≠a', 'hoy', 'contingencia', 'mantener', 'doble', 'fila', 'ambos', 'lado', 'calle', 'col', 'tr√°nsito', 'saber', 'hagan', 'verdad']",[],"['Claudiashein', 'OVIALCDMX', 'UCS_GCDMX']",0,0,0,86385012,Yzhak Guevara,YzhakG,2009-10-30 13:58:14,0,352,967,2022-11-13 10:17:27,2022,11,13,10,17,16,Miguel Hidalgo,-99.1843501,19.3998346,True
1592136409976287233,tr√°nsito,coordenadas,"@inakimanero @VILLALVAZO13 no se nota la contingencia, desde las 5:30 am hay much√≠simo tr√°fico por Churubusco desde el metro Arag√≥n hasta Moras, adem√°s de que Tlalpan del Estadio Azteca a Churubusco tambi√©n tiene carga excesiva para un lunes a las 6:00 am.","['nota', 'contingencia', '30', 'am', 'much√≠simo', 'tr√°fico', 'churubusco', 'metro', 'drag√≥n', 'moras', 'adem√°s', 'tlalpan', 'estadio', 'azteca', 'churubusco', 'carga', 'excesivo', 'lunes', '00', 'am']",[],"['inakimanero', 'VILLALVAZO13']",0,0,0,620187532,Bronte_Blacksmith,alex_bronte32,2012-06-27 11:26:40,0,40,171,2022-11-14 06:44:35,2022,11,14,6,44,10,√Ålvaro Obreg√≥n,-99.1919955,19.357102,True
1592160364200091648,tr√°nsito,coordenadas,"@UCS_GCDMX donde est√° la contingencia y su autoridad de tr√°nsito si est√° plagado de autos que no circulan, circulando. https://t.co/oJ9Ag9m01u","['contingencia', 'autoridad', 'tr√°nsito', 'si', 'plagado', 'auto', 'circular', 'circular']",[],['UCS_GCDMX'],0,2,0,114080197,FERNANDO,gentalman84,2010-02-13 20:20:33,0,51,95,2022-11-14 08:19:46,2022,11,14,8,19,15,Cuauht√©moc,-99.259495,19.3863707,True
1592205979797848066,tr√°nsito,palabras clave,"@ClaraBrugadaM @Alc_Iztapalapa Cu√°ntas veces no he pedido que revises y √≥rdenes el tianguis de la Av  Genaro Estrada,  Av  Santa Cruz y Av Luis Mendez, basura, tr√°fico, contaminaci√≥n, delincuencia y no has hecho algo por ordenarlos sobre las torres. Dices que escuchas? Veremos si es cierto.","['cu√°ntos', 'vez', 'pedido', 'revisar', '√≥rden', 'tianguis', 'av', 'genaro', 'estrada', 'av', 'santa', 'cruz', 'av', 'luis', 'mendez', 'basura', 'tr√°fico', 'contaminaci√≥n', 'delincuencia', 'hecho', 'ordenar √©l', 'torre', 'decir', 'escucha', 'ver', 'si', 'cierto']",[],"['ClaraBrugadaM', 'Alc_Iztapalapa']",1,0,0,122512329,bart,eljuggy,2010-03-12 17:59:45,0,8,57,2022-11-14 11:21:01,2022,11,14,11,21,7,Iztapalapa,-99.0567989642,19.3491663204,True
1592287635078275075,incendio,palabras clave,"¬°Precauci√≥n! Servicios de emergencia acuden a combatir un #incendio de negocio en la colonia la Malinche, alcald√≠a Magdalena Contreras.","['precauci√≥n', 'servicio', 'emergencia', 'acudir', 'combatir', 'negocio', 'colonia', 'malgache', 'alcald√≠a', 'magdalena', 'contreras']",['incendio'],[],0,0,1,40098528,Radio Tr√°fico Total,trafico889,2009-05-14 16:06:13,1,897302,69,2022-11-14 16:45:30,2022,11,14,16,45,8,La Magdalena Contreras,-99.2684129061,19.2689765031,True
1592508079715028994,tr√°nsito,coordenadas,"Pedimos a la @Claudiashein que ponga el plan de contingencia ambiental fase 1 para que todos descansen un d√≠a,  el trafico diario esta de locos y ayer descanse mi auto pero se sinti√≥ que baj√≥ mucho, gracias !","['pedir', 'poner', 'plan', 'contingencia', 'ambiental', 'fase', 'descansar', 'd√≠a', 'trafico', 'diario', 'locos', 'ayer', 'descanse', 'auto', 'sentir', 'bajar', 'gracia']",[],['Claudiashein'],0,0,0,715412034586681344,Cesarin0826,cesarin0826,2016-03-30 23:34:55,0,24,184,2022-11-15 07:21:28,2022,11,15,7,21,10,√Ålvaro Obreg√≥n,-99.1919955,19.357102,True
1592584802569687043,incendio,palabras clave,"#Precauci√≥n üî•üö® Servicios de emergencia atienden incendio de domicilio en la colonia Ej√©rcito Constitucionalista III, @Alc_Iztapalapa. 

Alternativa vial: üîÄ Aeron√°utica.

‚òéÔ∏è#911CDMX 
üìπ#C5conConfianza https://t.co/yYKkfxTP2n","['servicio', 'emergencia', 'atender', 'incendio', 'domicilio', 'colonia', 'ej√©rcito', 'constitucionalista', 'iii', 'alternativa', 'vial', 'aeron√°utica']","['Precauci√≥n', '911CDMX', 'C5conConfianza']",['Alc_Iztapalapa'],92,1,17,195951901,C5 CDMX,C5_CDMX,2010-09-27 17:51:04,1,926207,763,2022-11-15 12:26:20,2022,11,15,12,26,7,Iztapalapa,-99.0567989642,19.3491663204,True
1592585489634189312,incendio,palabras clave,"¬°Precauci√≥n! Debido a un #incendio de domicilio, servicios de emergencia laboran en la colonia Ej√©rcito Constitucionalista III, alcald√≠a Iztapalapa. Alternativa: Aeron√°utica.","['precauci√≥n', 'debido', 'domicilio', 'servicio', 'emergencia', 'laborar', 'colonia', 'ej√©rcito', 'constitucionalista', 'iii', 'alcald√≠a', 'iztapalapa', 'alternativa', 'aeron√°utica']",['incendio'],[],2,0,0,40098528,Radio Tr√°fico Total,trafico889,2009-05-14 16:06:13,1,897302,69,2022-11-15 12:29:04,2022,11,15,12,29,7,Iztapalapa,-99.0567989642,19.3491663204,True
1592627130902663169,incendio,palabras clave,"¬°Precauci√≥n! Servicios de emergencia laboran por un #incendio en establecimiento comercial en la colonia  Barrio Santiago, alcald√≠a Iztacalco. Alternativa: Av. Andr√©s Molina Enr√≠quez.","['precauci√≥n', 'servicio', 'emergencia', 'laborar', 'establecimiento', 'comercial', 'colonia', 'barrio', 'santiago', 'alcald√≠a', 'iztacalco', 'alternativa', 'av', 'andr√©s', 'molina', 'enriquez']",['incendio'],[],1,0,0,40098528,Radio Tr√°fico Total,trafico889,2009-05-14 16:06:13,1,897302,69,2022-11-15 15:14:32,2022,11,15,15,14,6,Iztacalco,-99.094329797,19.396911897,True
1592696344409681921,incendio,palabras clave,"@SSC_CDMX @SSPCMexico @AmbienteEdomex @ProsocCDMX @Alcaldia_Coy y as√≠ diario la pseudofabrica ubicada en canal nacional 12-B entre av taxque√±a y eje 3 oriente en San Francisco culhuacan delegaci√≥n Coyoac√°n, diario El ruido y el humo y ni que decir de su horno hechizo. https://t.co/OAAoaJ7hFN","['as√≠', 'diario', 'pseudofabrico', 'ubicado', 'canal', 'nacional', '12-b', 'av', 'oaxaque√±a', 'eje', 'oriente', 'san', 'francisco', 'culiacan', 'delegaci√≥n', 'coyoac√°n', 'diario', 'ruido', 'humo', 'decir', 'horno', 'hechizo']",[],"['SSC_CDMX', 'SSPCMexico', 'AmbienteEdomex', 'ProsocCDMX', 'Alcaldia_Coy']",0,0,0,101846752,universal mask,aguilaveloz786,2010-01-04 13:48:17,0,135,493,2022-11-15 19:49:34,2022,11,15,19,49,3,Coyoac√°n,-99.1503763525,19.3266672536,True
1593079270850457601,pirotecnia,palabras clave,@TlalpanVecinos @danyalvarezca @miron_carlos @XochitlBravoE @LupitaChavez_C @Luis_Chavez_Gar 1.Porqu√© no ha controlado el crecimiento de ambulantaje? 2. Porqu√© hace caso omiso de las quejas constantes de los vecinos x la excesiva quema de fuegos artificiales TODO EL A√ëO? 3. En Tlalpan no hay agua y sigue autorizando construcciones de plazas comercilaes y departamentos?,"['porqu√©', 'controlado', 'crecimiento', 'ambulante', 'porqu√©', 'hacer', 'caso', 'omiso', 'queja', 'constante', 'vecino', 'excesivo', 'quemar', 'fuego', 'artificial', 'a√±o', 'tlalpan', 'agua', 'seguir', 'autorizar', 'construcci√≥n', 'plaza', 'comercial', 'departamento']",[],"['TlalpanVecinos', 'danyalvarezca', 'miron_carlos', 'XochitlBravoE', 'LupitaChavez_C', 'Luis_Chavez_Gar']",9,1,1,1254115592317132805,Angel_gof1,AngelGof1,2020-04-25 12:30:51,0,36,201,2022-11-16 21:11:10,2022,11,16,21,11,12,Tlalpan,-99.2062207957,19.1983396763,True
1593246310982815744,tr√°nsito,palabras clave,@trafico889 colinas del Sur en √Ålvaro Obreg√≥n precauci√≥n est√° a vuelta de rueda #Trafico,"['colina', 'sur', 'alvaro', 'obregon', 'precauci√≥n', 'vuelta', 'rueda']",['Trafico'],['trafico889'],0,0,1,753710505479380992,JACQUELINE G ORTINEZ,Jacquieta2,2016-07-14 15:59:22,0,22,124,2022-11-17 08:14:56,2022,11,17,8,14,10,√Ålvaro Obreg√≥n,-99.246819712,19.336175562,True
1593262220569464838,incendio,palabras clave,"#Precauci√≥nüö® Bomberos de diferentes corporaciones üë®üèª‚Äçüöíüöíintentan apagar el #incendio üî•que se registra en al menos cinco respiraderos de #gasmetano del rio de los #Remedios en los l√≠mites entre #Nezahualc√≥yotl, #Ecatepec y la alcald√≠a Gustavo A. Madero. https://t.co/hL4eSlq7Un","['bombero', 'diferente', 'corporaci√≥n', 'intentar', 'apagar', 'registrar', 'menos', 'cinco', 'respiradero', 'rio', 'l√≠mites', 'alcald√≠a', 'gustavo', 'madero']","['Precauci√≥n', 'incendio', 'gasmetano', 'Remedios', 'Nezahualc√≥yotl', 'Ecatepec']",[],3,0,2,2851848329,Diario Evoluci√≥n,EvolucionDiario,2014-10-30 12:43:56,0,1794,220,2022-11-17 09:18:09,2022,11,17,9,18,5,Gustavo A. Madero,-99.1158642087,19.5040652077,True
1593269247827972098,incendio,coordenadas,Los niveles de contaminaci√≥n por un incendio se van a subir y es posible que haya doble no circula https://t.co/v6LfLj4cH5,"['nivel', 'contaminaci√≥n', 'incendio', 'ir', 'subir', 'posible', 'doble', 'circula']",[],[],0,0,1,306807980,Edward,Edward580,2011-05-28 07:47:43,0,1062,1048,2022-11-17 09:46:04,2022,11,17,9,46,7,Iztapalapa,-99.067766,19.3668621,True
1593329396190007296,tr√°nsito,palabras clave,"@LaSEMOVI como todos los d√≠as: autos estacionados en lugar prohibido sobre la calle de Forestal, esquina con Calzada Xochimilco. Con viene viene incluido y toda la cosa. 

Hacen MUCH√çSIMO tr√°fico, dejan un solo carril donde hay 2. https://t.co/QfSvRoJvS3","['d√≠a', 'auto', 'estacionado', 'lugar', 'prohibido', 'calle', 'forestal', 'esquina', 'calzado', 'xochimilco', 'viene', 'viene', 'incluido', 'todo', 'cosa', 'hacer', 'much√≠simo', 'tr√°fico', 'dejar', 'solo', 'carril']",[],['LaSEMOVI'],1,1,0,371453636,Ana C. Barocio,cremocrates,2011-09-10 15:57:21,0,228,725,2022-11-17 13:45:05,2022,11,17,13,45,13,Xochimilco,-99.0903636045,19.2451450458,True
1593449264415473666,tr√°nsito,palabras clave,"@marianagc Los panistas han destruido a la Alcald√≠a Benito Ju√°rez construyendo demasiados edificios aumentando el tr√°fico, el ruido, la contaminaci√≥n,  la basura y ahora escasea el agua ocasionando la p√©rdida de plusval√≠a debido a la aglomeraci√≥n de tanta gente

#PanistasCorruptos https://t.co/1wFpu88OKe","['panistas', 'destruido', 'alcald√≠a', 'benito', 'juarez', 'construir', 'demasiado', 'edificio', 'aumentar', 'tr√°fico', 'ruido', 'contaminaci√≥n', 'basura', 'ahora', 'escasear', 'agua', 'ocasionar', 'p√©rdida', 'plusval√≠a', 'debido', 'aglomeraci√≥n', 'tanto', 'gente']",['PanistasCorruptos'],['marianagc'],1,0,1,1210539503649247233,GABRAüå∫,GABRAor,2019-12-27 06:35:33,0,2961,3199,2022-11-17 21:41:24,2022,11,17,21,41,14,Benito Ju√°rez,-99.1611346584,19.3806424162,True
1593591660944003073,tr√°nsito,palabras clave,"@OVIALCDMX hoy viernes 18 noviembre la misma situaci√≥n ¬°Las calles cerradas nuevamente hacia tlalpan Esta pr√°ctica lleva unas cuantas semanas  #SEMOVI  @INVEACDMX afectan libre tr√°nsito, ruido caos vial atiendan @ricardorubiot @Comiteducacion @LaCampestre_Ch https://t.co/Y7QIS7jgid","['hoy', 'viernes', '18', 'noviembre', 'mismo', 'situaci√≥n', 'calle', 'cerrado', 'nuevamente', 'hacia', 'tlalpan', 'pr√°ctico', 'llevar', 'uno', 'cuanto', 'semana', 'afectar', 'libre', 'tr√°nsito', 'ruido', 'cao', 'vial', 'atender']",['SEMOVI'],"['OVIALCDMX', 'INVEACDMX', 'ricardorubiot', 'Comiteducacion', 'LaCampestre_Ch']",1,0,2,292748283,Mbel M,mcolibri,2011-05-03 22:53:38,0,38,340,2022-11-18 07:07:14,2022,11,18,7,7,12,Tlalpan,-99.2062207957,19.1983396763,True
1593606156731273218,tr√°nsito,palabras clave,"@UCS_GCDMX buenos d√≠as, donde podemos solicitar apoyo con unas pipas de agua que laboral en v√≠a p√∫blica a toda hora y todos los d√≠as, est√°n coludidos con pipas de el @GobCDMX generan tr√°fico y bastante ruido, esto es en alcald√≠a Cuajimalpa, gracias","['buen', 'd√≠a', 'poder', 'solicitar', 'apoyo', 'uno', 'pipa', 'agua', 'laboral', 'v√≠a', 'p√∫blico', 'todo', 'hora', 'd√≠a', 'colorido', 'pipa', 'generar', 'tr√°fico', 'bastante', 'ruido', 'alcald√≠a', 'cuajimalpo', 'gracias']",[],"['UCS_GCDMX', 'GobCDMX']",1,1,0,449509314,Guci SC2022,gilrodcars,2011-12-28 23:47:46,0,0,63,2022-11-18 08:04:50,2022,11,18,8,4,4,Cuajimalpa de Morelos,-99.3107285253,19.3246343001,True
1593734272816496640,tr√°nsito,palabras clave,Ya es ca√≥tico el tr√°fico en CDMX en viernes como para que encima dos veh√≠culos de transporte se detengan sobre la lateral del perif√©rico. Frente al Ram√≥n de la Fuente y casi esquina Calz Tlalpan. @LaSEMOVI  puedo estacionarme as√≠??? No tienen ni conductor !!!!,"['ca√≥tico', 'tr√°fico', 'cdmx', 'viernes', 'encima', 'dos', 'veh√≠culo', 'transporte', 'detener', 'lateral', 'perif√©rico', 'frente', 'ram√≥n', 'fuente', 'casi', 'esquina', 'call', 'tlalpan', 'poder', 'estacionar √©l', 'as√≠', 'conductor']",[],['LaSEMOVI'],0,1,0,3314442542,Luis Casasola,CasasolaLE1990,2015-08-13 08:51:35,0,169,211,2022-11-18 16:33:55,2022,11,18,16,33,12,Tlalpan,-99.2062207957,19.1983396763,True
1593755089306472448,tr√°nsito,coordenadas,"El tr√°fico est√° terrible en la CDMX !!!! üò© no salgan repito, no salgan üòÜ (foto para bajar el estr√©s) https://t.co/vlqhQxGYuI","['tr√°fico', 'terrible', 'cdmx', 'salgan', 'repito', 'salgan', 'foto', 'bajar', 'estr√©s']",[],[],5,0,0,43269543,Ó®ÄHBTO‚Ñ¢‚≠ê üöÇ Azul de üíôüèüÔ∏èüò∑‚öΩüèÜ,saenz_geo,2009-05-28 22:12:05,0,38746,33559,2022-11-18 17:56:38,2022,11,18,17,56,6,Iztacalco,-99.137171,19.375769,True
1593771599186087939,tr√°nsito,coordenadas,"#trafico #pe√±ontexcoco llevo m√°s de 1 hora sin poder llegar a la caseta pe√±on texcoco, el trafico a vuelta de rueda, de momento se queda en alto total","['llevar', 'hora', 'poder', 'llegar', 'caseta', 'pe√±√≥n', 'texcoco', 'trafico', 'vuelta', 'rueda', 'momento', 'quedar', 'alto', 'total']","['trafico', 'pe√±ontexcoco']",[],1,1,0,2381188081,ivan quiroz,Quiroz91011,2014-03-09 17:37:10,0,7,159,2022-11-18 19:02:14,2022,11,18,19,2,7,Iztapalapa,-99.067766,19.3668621,True
1593827359257305088,tr√°nsito,palabras clave,@C5_CDMX gente drog√°ndose y tomando en v√≠a p√∫blica adem√°s de estacionados en doble fila obstruyendo el libre tr√°nsito y m√∫sica a alto volumen en calle Zaragoza 118 entre calle Moctezuma y J. Meneses colonia Buenavista alcald√≠a cuauht√©moc @Claudiashein @AlcCuauhtemocMx @OVIALCDMX,"['gente', 'ahogar √©l', 'tomar', 'v√≠a', 'p√∫blico', 'adem√°s', 'estacionar', 'doble', 'fila', 'obstruir', 'libre', 'tr√°nsito', 'm√∫sica', 'alto', 'volumen', 'calle', 'zaragoza', '118', 'calle', 'moctezuma', 'meneses', 'colonia', 'buenavista', 'alcald√≠a', 'cuauhtemoc']",[],"['C5_CDMX', 'Claudiashein', 'AlcCuauhtemocMx', 'OVIALCDMX']",0,2,1,2374141344,Koyote AvB,KAveB35,2014-03-05 12:01:44,0,24,476,2022-11-18 22:43:48,2022,11,18,22,43,15,Cuauht√©moc,-99.1490557562,19.4313734294,True
1593890481980710912,tr√°nsito,palabras clave,Accidente por alcance sin lesionados sobre el puente del blvd Venustiano Carranza y blvd Campanares frente a la colonia Jardines Coloniales. Oficiales de tr√°nsito abanderan la vialidad a la espera de las gr√∫as. Maneje con precauci√≥n #Saltillo. https://t.co/4gh6hHjg1C,"['accidente', 'alcance', 'lesionado', 'puente', 'bld', 'venustiano', 'carranza', 'bld', 'campanario', 'frente', 'colonia', 'jard√≠n', 'colonial', 'oficial', 'tr√°nsito', 'bandera', 'vialidad', 'esperar', 'gr√∫a', 'maneje', 'precauci√≥n']",['Saltillo'],[],43,3,2,104403536,Noticias Saltillo,nSaltillo,2010-01-13 00:36:51,0,190978,308,2022-11-19 02:54:38,2022,11,19,2,54,17,Venustiano Carranza,-99.0931057959,19.4304954545,True
1593963714725793792,tr√°nsito,palabras clave,"#CarreteraM√©xicoCuernavaca #Tr√°nsitoDetenido  #Cuidado #Precauci√≥n #Tlalpan
 https://t.co/hCuyNN4Hok
 Tr√°nsito detenido en la carretera M√©xico Cuernavaca, despu√©s de Tres Mar√≠as. Conducir con cuidado.","['tr√°nsito', 'detenido', 'carretera', 'm√©xico', 'cuernavaca', 'despu√©s', 'tres', 'marca', 'conducir', 'cuidado']","['CarreteraM√©xicoCuernavaca', 'Tr√°nsitoDetenido', 'Cuidado', 'Precauci√≥n', 'Tlalpan']",[],0,3,2,399039947,Susana Rub√≠n,tazacuata,2011-10-26 16:16:49,0,43,192,2022-11-19 07:45:38,2022,11,19,7,45,12,Tlalpan,-99.2062207957,19.1983396763,True
1593975782543708160,tr√°nsito,palabras clave,Urge polic√≠a de tr√°nsito en Calzada de la viga y Ermita Iztapalapa. Hay unas 20 pipas obstruyendo el carril izquierdo. Y el carril derecho invadido por la gente que se estaciona sobre el eje vial (prohibido estacionarse). Solo hay 1 carril libre @UCS_GCDMX https://t.co/fajkaSU6Vr,"['urgir', 'polic√≠a', 'tr√°nsito', 'calzado', 'viga', 'ermita', 'iztapalapa', 'uno', '20', 'pipa', 'obstruir', 'carril', 'izquierdo', 'carril', 'derecho', 'invadido', 'gente', 'estacionar', 'eje', 'vial', 'prohibido', 'estacionar √©l', 'solo', 'carril', 'libre']",[],['UCS_GCDMX'],5,4,3,91734792,Christopher Pav√≥n,Ch_pavon17,2009-11-21 23:57:23,0,193,986,2022-11-19 08:33:35,2022,11,19,8,33,7,Iztapalapa,-99.0567989642,19.3491663204,True
1594368581080424449,pirotecnia,palabras clave,"@alfagonzalezm @STaboadaMx Porque no primero resuelves el problema de la quema de cohetes y fuegos artificiales en #Tlalpan #CDMX

Tu administraci√≥n ha sido una decepci√≥n completa 

Esperemos puedas cambiar de rumbo para no perder en las pr√≥ximas elecciones

#FelizDomingo 
#BuenDomingo 
#BuenFin","['primero', 'resolver', 'problema', 'quemar', 'cohete', 'fuego', 'artificial', 'administraci√≥n', 'ser', 'decepci√≥n', 'completo', 'esperar', 'poder', 'cambiar', 'rumbo', 'perder', 'pr√≥ximo', 'elecci√≥n']","['Tlalpan', 'CDMX', 'FelizDomingo', 'BuenDomingo', 'BuenFin']","['alfagonzalezm', 'STaboadaMx']",5,0,3,3010685821,Politico 2001,politico2001,2015-02-05 18:36:00,0,3048,2227,2022-11-20 10:34:26,2022,11,20,10,34,12,Tlalpan,-99.2062207957,19.1983396763,True
1594394936840945665,incendio,palabras clave,"@Alc_Iztapalapa @ClaraBrugadaM  quiero reportar un peque√±o socav√≥n cerca del metro Culhuacan. 
Tomas Aveling 8. Fuego nuevo, @Alc_Iztapalapa 09800
#socavon #iztapalapa #fuegonuevo https://t.co/xPpKobeH3G","['querer', 'reportar', 'peque√±o', 'socav√≥n', 'cerca', 'metro', 'culiacan', 'tomas', 'avelino', 'fuego', 'nuevo', '09800']","['socavon', 'iztapalapa', 'fuegonuevo']","['Alc_Iztapalapa', 'ClaraBrugadaM', 'Alc_Iztapalapa']",0,2,0,1013573199756451840,Diego H,diegoh9096,2018-07-01 18:00:56,0,40,42,2022-11-20 12:19:10,2022,11,20,12,19,7,Iztapalapa,-99.0567989642,19.3491663204,True
1594420919254093824,tr√°nsito,coordenadas,"Todos los fines de semana y sobre todo en temporadas altas est√° camioneta estorba el paso y genera alto tr√°fico en la zona, esta se encuentra en la calle Ventura G Tena y Calz de la Viga @A_VCarranza @GobCDMX @mercadojamaica https://t.co/r4kJp58WoL","['fin', 'semana', 'temporada', 'alto', 'camioneta', 'estorba', 'paso', 'generar', 'alto', 'tr√°fico', 'zona', 'encontrar', 'calle', 'ventura', 'tena', 'call', 'viga']",[],"['A_VCarranza', 'GobCDMX', 'mercadojamaica']",0,0,0,18940416,mtherfkr,mtherfkr,2009-01-13 09:12:24,0,86,422,2022-11-20 14:02:24,2022,11,20,14,2,15,Cuauht√©moc,-99.128294,19.4043522,True
1594801795460579328,incendio,palabras clave,"#Precauci√≥n

üö®üöí Servicios de emergencia apoyando por incendio de veh√≠culo sobre Circuito Subastas y Productores y Eje 6 Sur, colonia Central de Abastos, @Alc_Iztapalapa 

#911CDMX
#C5ConConfianza üé• https://t.co/OfIVgWiXC7","['servicio', 'emergencia', 'apoyar', 'incendio', 'veh√≠culo', 'circuito', 'subastas', 'productores', 'eje', 'sur', 'colonia', 'central', 'abastos']","['Precauci√≥n', '911CDMX', 'C5ConConfianza']",['Alc_Iztapalapa'],28,0,4,195951901,C5 CDMX,C5_CDMX,2010-09-27 17:51:04,1,926207,763,2022-11-21 15:15:52,2022,11,21,15,15,7,Iztapalapa,-99.0567989642,19.3491663204,True
1595434555216990209,tr√°nsito,palabras clave,"üõë‚ö†Ô∏è‚öïÔ∏èNO SIRVEN LOS SEM√ÅFOROS DE COLA, CUAUHT√âMOC Y CUMBRES DE MALTRATA, INCLUYENDO LOS DE @MetrobusCDMX  ESYO GENERA UN ALTO‚ö†Ô∏èüõë #RIESGODEVIDA SRA @Claudiashein EL PROBLEMA EST√Å DESDE LAS 0430AM NO HAY NADIE DE TR√ÅNSITO NI DEL CUADRANTE ASISTIENDO LAS LABORES DE VIALIDAD‚ö†Ô∏èüõë","['servir', 'sem√°foro', 'cola', 'cuauhtemoc', 'cumbres', 'maltratar', 'incluir', 'este', 'generar', 'alto', 'sra', 'problema', '0430am', 'nadie', 'tr√°nsito', 'cuadrante', 'asistir', 'labor', 'vialidad']",['RIESGODEVIDA'],"['MetrobusCDMX', 'Claudiashein']",1,2,0,3096808111,SilverBikeProject,S_BikeProject,2015-03-18 17:18:28,0,1307,4998,2022-11-23 09:10:14,2022,11,23,9,10,15,Cuauht√©moc,-99.1490557562,19.4313734294,True
1595604809507393536,incendio,palabras clave,"#Precauci√≥n

üî•üöõ Incendio de veh√≠culo sobre Pensi√≥n y Pernocta, colonia Central de Abasto, @Alc_Iztapalapa 

üö® Servicios de emergencia apoyando en el lugar. 

#911CDMX 
#C5ConConfianza https://t.co/0exjroWOqr","['incendio', 'veh√≠culo', 'pensi√≥n', 'pernoctar', 'colonia', 'central', 'abasto', 'servicio', 'emergencia', 'apoyar', 'lugar']","['Precauci√≥n', '911CDMX', 'C5ConConfianza']",['Alc_Iztapalapa'],44,1,7,195951901,C5 CDMX,C5_CDMX,2010-09-27 17:51:04,1,926207,763,2022-11-23 20:26:46,2022,11,23,20,26,7,Iztapalapa,-99.0567989642,19.3491663204,True
1596288693903364096,incendio,palabras clave,"¬°Precauci√≥n! Debido a un #incendio en casa habitaci√≥n, servicios de emergencia acuden a la colonia Guadalupe, alcald√≠a Tl√°huac.","['precauci√≥n', 'debido', 'casa', 'habitaci√≥n', 'servicio', 'emergencia', 'acudir', 'colonia', 'guadalupe', 'alcald√≠a', 'tl√°huac']",['incendio'],[],4,0,0,40098528,Radio Tr√°fico Total,trafico889,2009-05-14 16:06:13,1,897302,69,2022-11-25 17:44:16,2022,11,25,17,44,11,Tl√°huac,-99.0028216137,19.2769983772,True
1597039001491279872,tr√°nsito,palabras clave,"¬°Precauci√≥n! #Llueve en las alcald√≠as Azcapotzalco, Benito Ju√°rez, Coyoac√°n, Cuauht√©moc, Magdalena Contreras, Miguel Hidalgo y Tlalpan.","['precauci√≥n', 'alcald√≠a', 'azcapotzalco', 'benito', 'juarez', 'coyoac√°n', 'cuauhtemoc', 'magdalena', 'contreras', 'miguel', 'hidalgo', 'tlalpan']",['Llueve'],[],10,0,4,40098528,Radio Tr√°fico Total,trafico889,2009-05-14 16:06:13,1,897302,69,2022-11-27 19:25:44,2022,11,27,19,25,3,Coyoac√°n,-99.1503763525,19.3266672536,True
1597208579399884801,tr√°nsito,coordenadas,"V√≠a @EOmarsanz, reporta # Precauci√≥n tenemos laborando al H. Cuerpo de Bomberos por poste ca√≠do en Av .Moliere y Monte Elbruz en #Polanco, de momento no afecta la circulaci√≥n en la zona.
@tr√°fico889","['v√≠a', 'reportar', 'precauci√≥n', 'laborar', 'cuerpo', 'bomberos', 'poste', 'ca√≠do', 'av', 'moler', 'monte', 'elbruz', 'momento', 'afectar', 'circulaci√≥n', 'zona', '√°tico889']",['Polanco'],"['EOmarsanz', 'tr√°fico889']",5,0,1,40098528,Radio Tr√°fico Total,trafico889,2009-05-14 16:06:13,1,897302,69,2022-11-28 06:39:34,2022,11,28,6,39,5,Gustavo A. Madero,-99.1158642087,19.5040652077,True
1597208875253497856,tr√°nsito,coordenadas,¬°Precauci√≥n! Hay #lluvia en la Aut. Chamapa-Lecher√≠a.,"['precauci√≥n', 'aut', 'camara-lecher√≠a']",['lluvia'],[],14,0,1,40098528,Radio Tr√°fico Total,trafico889,2009-05-14 16:06:13,1,897302,69,2022-11-28 06:40:45,2022,11,28,6,40,5,Gustavo A. Madero,-99.1158642087,19.5040652077,True
1597223381778468865,tr√°nsito,coordenadas,¬°Precauci√≥n! Por #volcadura en la Autopista M√©xico-Cuernavaca y Colegio Militar. Alternativa: Carretera M√©xico-Cuernavaca.,"['precauci√≥n', 'autopista', 'm√©xico-cuernavaca', 'colegio', 'militar', 'alternativa', 'carretera', 'm√©xico-cuernavaca']",['volcadura'],[],4,0,0,40098528,Radio Tr√°fico Total,trafico889,2009-05-14 16:06:13,1,897302,69,2022-11-28 07:38:23,2022,11,28,7,38,5,Gustavo A. Madero,-99.1158642087,19.5040652077,True
1597247212677124096,tr√°nsito,palabras clave,@Cicmty urge una mejor programaci√≥n de los sem√°foros en las avenidas cuauht√©moc y pino Su√°rez son un verdadero asco y mal sincronizados que generan un tr√°fico inmenso y por ende contaminaci√≥n por los carros y camiones ya que retrasan mucho el tiempo del carro encendido,"['urgir', 'mejor', 'programaci√≥n', 'sem√°foro', 'avenida', 'cuauhtemoc', 'pino', 'su√°rez', 'verdadero', 'asco', 'mal', 'sincronizado', 'generar', 'tr√°fico', 'inmenso', 'ende', 'contaminaci√≥n', 'carro', 'cami√≥n', 'retrasar', 'tiempo', 'carro', 'encendido']",[],['Cicmty'],0,0,0,388462542,RUBEN VELA,RDVELAC,2011-10-10 13:47:45,0,38,794,2022-11-28 09:13:05,2022,11,28,9,13,15,Cuauht√©moc,-99.1490557562,19.4313734294,True
1597319418060701696,tr√°nsito,coordenadas,"¬°Precauci√≥n! Contin√∫a cerrada la circulaci√≥n en General Prim, Abraham Gonz√°lez, Atenas y Bucareli, debido a #manifestantes en inmediaciones de la Secretar√≠a de Gobernaci√≥n.","['precauci√≥n', 'contin√∫ar', 'cerrado', 'circulaci√≥n', 'general', 'prim', 'abraham', 'gonz√°lez', 'atenas', 'bucareli', 'debido', 'inmediaciones', 'secretar√≠a', 'gobernaci√≥n']",['manifestantes'],[],4,0,1,40098528,Radio Tr√°fico Total,trafico889,2009-05-14 16:06:13,1,897302,69,2022-11-28 14:00:00,2022,11,28,14,0,5,Gustavo A. Madero,-99.1158642087,19.5040652077,True
1597355763013255168,tr√°nsito,coordenadas,¬°Precauci√≥n! Servicios de emergencia se dirigen a atender un #percance sobre la Calz. de Guadalupe a la altura de Circuito Interior con direcci√≥n a Reforma.,"['precauci√≥n', 'servicio', 'emergencia', 'dirigir', 'atender', 'call', 'guadalupe', 'altura', 'circuito', 'interior', 'direcci√≥n', 'reforma']",['percance'],[],3,0,1,40098528,Radio Tr√°fico Total,trafico889,2009-05-14 16:06:13,1,897302,69,2022-11-28 16:24:25,2022,11,28,16,24,5,Gustavo A. Madero,-99.1158642087,19.5040652077,True
1597363390887837697,tr√°nsito,coordenadas,"¬°Precauci√≥n! Debido a un #choque, servicios de emergencia se dirigen a la Av. Ej√©rcito Nacional Mexicano a la altura de Emerson, alcald√≠a Miguel Hidalgo.","['precauci√≥n', 'debido', 'servicio', 'emergencia', 'dirigir', 'av', 'ej√©rcito', 'nacional', 'mexicano', 'altura', 'emerson', 'alcald√≠a', 'miguel', 'hidalgo']",['choque'],[],0,0,0,40098528,Radio Tr√°fico Total,trafico889,2009-05-14 16:06:13,1,897302,69,2022-11-28 16:54:44,2022,11,28,16,54,5,Gustavo A. Madero,-99.1158642087,19.5040652077,True
1597477558047674368,incendio,coordenadas,"Los hoteles Casa Tortuga y Mawimbi est√°n reducidos por un devastador incendio en isla Holbox, Quintana¬†Roo https://t.co/wXoPKdAuIy","['hoteles', 'casa', 'tortuga', 'marimba', 'reducido', 'devastador', 'incendio', 'isla', 'hollow', 'quintana', 'roo']",[],[],1,0,0,1251693450405318657,Ruido en el Enjambre,en_enjambre,2020-04-18 20:06:20,0,130,137,2022-11-29 00:28:24,2022,11,29,0,28,5,Gustavo A. Madero,-99.1158642087,19.5040652077,True
1597616493616893953,tr√°nsito,coordenadas,"¬°Precauci√≥n! #Manifestantes afectan la circulaci√≥n de Calz. Vallejo y Cam. San Juan Ixtacala, pasando Av. Acueducto de Tenayuca, alcald√≠a Gustavo A. Madero, procedentes de Av. 3-A.","['precauci√≥n', 'afectar', 'circulaci√≥n', 'call', 'vallejo', 'cam', 'san', 'juan', 'ixtacala', 'pasar', 'av', 'acueducto', 'tenayuca', 'alcald√≠a', 'gustavo', 'madero', 'procedente', 'av', '3-a']",['Manifestantes'],[],9,0,1,40098528,Radio Tr√°fico Total,trafico889,2009-05-14 16:06:13,1,897302,69,2022-11-29 09:40:29,2022,11,29,9,40,5,Gustavo A. Madero,-99.1158642087,19.5040652077,True
1597640340885843970,tr√°nsito,coordenadas,@alfagonzalezm TRANSITO!!! Hoy si van a ver el estacionamiento en lugar prohibido y los franeleros de la zona de hospitales???,"['transito', 'hoy', 'si', 'ir', 'ver', 'estacionamiento', 'lugar', 'prohibido', 'franelero', 'zona', 'hospitales']",[],['alfagonzalezm'],0,0,1,1194968293435572224,Lic. Mollejas de Gato Fritas,LicMollejas,2019-11-14 07:20:28,0,287,605,2022-11-29 11:15:14,2022,11,29,11,15,5,Gustavo A. Madero,-99.1158642087,19.5040652077,True
1597666588681011207,tr√°nsito,coordenadas,¬°Precauci√≥n! Encontrar√°s un percance en Jos√© Vasconcelos a la altura de Vicente Su√°rez con direcci√≥n a Eje 2 Sur.,"['precauci√≥n', 'encontrar', 'percance', 'jos√©', 'vasconcelos', 'altura', 'vicente', 'su√°rez', 'direcci√≥n', 'eje', 'sur']",[],[],2,0,0,40098528,Radio Tr√°fico Total,trafico889,2009-05-14 16:06:13,1,897302,69,2022-11-29 12:59:32,2022,11,29,12,59,5,Gustavo A. Madero,-99.1158642087,19.5040652077,True
1597670943417147398,tr√°nsito,coordenadas,"¬°Precauci√≥n! Debido a un #choque servicios de emergencia se dirigen a Hermenegildo Galeana a la altura de avenida Insurgentes, col. Santa √örsula Xitla, alcald√≠a Tlalpan.","['precauci√≥n', 'debido', 'servicio', 'emergencia', 'dirigir', 'hermenegildo', 'galena', 'altura', 'avenida', 'insurgentes', 'col', 'santa', 'ursula', 'nitla', 'alcald√≠a', 'tlalpan']",['choque'],[],3,0,1,40098528,Radio Tr√°fico Total,trafico889,2009-05-14 16:06:13,1,897302,69,2022-11-29 13:16:50,2022,11,29,13,16,5,Gustavo A. Madero,-99.1158642087,19.5040652077,True
1597680928901718016,tr√°nsito,coordenadas,@SSC_CDMX @OVIALCDMX  podr√≠an pasar a retirar carros en Eje vial Quer√©taro entre Tonal√° y Jalapa col. Roma Norte 06700 Cuauht√©moc esa haciendo tr√°fico est√° prohibido estacionarse ah√≠ https://t.co/Bjx9gzjLcb,"['poder', 'pasar', 'retirar', 'carro', 'eje', 'vial', 'queretaro', 'tonal', 'jalapa', 'col', 'roma', 'norte', '06700', 'cuauhtemoc', 'hacer', 'tr√°fico', 'prohibido', 'estacionar √©l', 'ah√≠']",[],"['SSC_CDMX', 'OVIALCDMX']",0,0,1,201866191,MiRomaAmor,CHANYLUVOV,2010-10-12 14:08:01,0,253,400,2022-11-29 13:56:31,2022,11,29,13,56,5,Gustavo A. Madero,-99.1158642087,19.5040652077,True
1597719643115995137,tr√°nsito,coordenadas,¬°Precauci√≥n! Ocurri√≥ un #accidente sobre Fray Servando Teresa de Mier a la altura de Av. Jes√∫s Galindo y Villa.,"['precauci√≥n', 'ocurrir', 'fray', 'servando', 'teresa', 'mier', 'altura', 'av', 'jesus', 'galindo', 'villa']",['accidente'],[],0,0,0,40098528,Radio Tr√°fico Total,trafico889,2009-05-14 16:06:13,1,897302,69,2022-11-29 16:30:21,2022,11,29,16,30,5,Gustavo A. Madero,-99.1158642087,19.5040652077,True
1597743468553568258,tr√°nsito,coordenadas,¬°Precauci√≥n! Se registra percance vial sobre Miguel Laurent a la altura de Aniceto Ortega.,"['precauci√≥n', 'registrar', 'percance', 'vial', 'miguel', 'laurent', 'altura', 'nieto', 'ortega']",[],[],1,0,1,40098528,Radio Tr√°fico Total,trafico889,2009-05-14 16:06:13,1,897302,69,2022-11-29 18:05:02,2022,11,29,18,5,5,Gustavo A. Madero,-99.1158642087,19.5040652077,True
1597752046714642432,pirotecnia,coordenadas,"@AreliPaz No sabia que ya permitian fuegos artificiales en el metro, que inovadora es la cdmx, gracias @Claudiashein","['sabia', 'permitir', 'fuego', 'artificial', 'metro', 'innovadoro', 'cdmx', 'gracias']",[],"['AreliPaz', 'Claudiashein']",0,0,0,1596263892484849664,Don Sarcasmo,DonBurlas2023,2022-11-25 16:05:57,0,6,105,2022-11-29 18:39:07,2022,11,29,18,39,9,Milpa Alta,-99.0510954218,19.1394565999,True
1597772281803055105,tr√°nsito,coordenadas,¬°Precauci√≥n! No funcionan los sem√°foro en el cruce de Calz. M√©xico Tacuba y Colegio Militar.,"['precauci√≥n', 'funcionar', 'sem√°foro', 'cruce', 'call', 'm√©xico', 'acabar', 'colegio', 'militar']",[],[],2,0,1,40098528,Radio Tr√°fico Total,trafico889,2009-05-14 16:06:13,1,897302,69,2022-11-29 19:59:31,2022,11,29,19,59,5,Gustavo A. Madero,-99.1158642087,19.5040652077,True
1597772963541291010,tr√°nsito,coordenadas,@EnlaceTAguilas @adrifam65 @ComunidaDesier2 @NoMasCondosAO Estoy a favor de el alcohol√≠metro no a favor de que lo pongan a las 12 del d√≠a en una avenida problem√°tica ocupando un carril completo en horas de tr√°fico alto causando tr√°fico contaminaci√≥n y desorden. Date una vuelta por favor y ver√°s,"['favor', 'alcohol√≠metro', 'favor', 'poner', '12', 'd√≠a', 'avenida', 'problem√°tico', 'ocupar', 'carril', 'completo', 'hora', 'tr√°fico', 'alto', 'causar', 'tr√°fico', 'contaminaci√≥n', 'desorden', 'dar t√∫', 'vuelta', 'favor', 'ver']",[],"['EnlaceTAguilas', 'adrifam65', 'ComunidaDesier2', 'NoMasCondosAO']",3,1,1,35805403,charro Zarate,luiszs,2009-04-27 11:45:08,0,313,765,2022-11-29 20:02:14,2022,11,29,20,2,5,Gustavo A. Madero,-99.1158642087,19.5040652077,True
1597820974392541184,tr√°nsito,coordenadas,¬°Precauci√≥n! Se registra percance vial sobre Circuito Interior y calle Atletas.,"['precauci√≥n', 'registrar', 'percance', 'vial', 'circuito', 'interior', 'calle', 'atleta']",[],[],4,0,0,40098528,Radio Tr√°fico Total,trafico889,2009-05-14 16:06:13,1,897302,69,2022-11-29 23:13:01,2022,11,29,23,13,5,Gustavo A. Madero,-99.1158642087,19.5040652077,True
1597838801526992899,pirotecnia,palabras clave,@Alc_Iztapalapa por que permiten a la iglesia de San andres terepilco en las torres y Emiliano Carranza tronar fuegos artificiales y luego a media noche? Adem√°s del.ruido enorme que tocan las campanas. No se supone que esta prohibido?@UCS_GCDMX https://t.co/Wzrkn7OEYR,"['permitir', 'iglesia', 'san', 'andres', 'terepilco', 'torres', 'emiliano', 'carranza', 'tornar', 'fuego', 'artificial', 'luego', 'medio', 'noche', 'adem√°s', 'ruido', 'enorme', 'tocar', 'campana', 'suponer', 'prohibido']",[],"['Alc_Iztapalapa', 'UCS_GCDMX']",0,1,0,278070058,DANIEL MARTINEZ,DANIELMART16,2011-04-06 09:05:03,0,82,346,2022-11-30 00:23:51,2022,11,30,0,23,7,Iztapalapa,-99.0567989642,19.3491663204,True
1597939634310615040,tr√°nsito,coordenadas,"Operativo incomprensible en Viaducto Tlalpan casi entronque con Calzada Tlalpan direcci√≥n norte.
Se crea un caos de tr√°fico mientras Tr√°nsito reduce carriles de circulaci√≥n. As√≠ se genera contaminaci√≥n.
@SSC_CDMX @LaSEMOVI @CAMegalopolis @Alcaldia_Coy @TlalpanAl https://t.co/1uPbDgz9un","['operativo', 'incomprensible', 'viaducto', 'tlalpan', 'casi', 'entronque', 'calzada', 'tlalpan', 'direcci√≥n', 'norte', 'creer', 'cao', 'tr√°fico', 'mientras', 'tr√°nsito', 'reducir', 'carril', 'circulaci√≥n', 'as√≠', 'generar', 'contaminaci√≥n']",[],"['SSC_CDMX', 'LaSEMOVI', 'CAMegalopolis', 'Alcaldia_Coy', 'TlalpanAl']",0,0,0,1544449113063886848,SoyDeTlalpan,TlalpanSoy,2022-07-05 16:32:38,0,99,59,2022-11-30 07:04:31,2022,11,30,7,4,3,Coyoac√°n,-99.1503763525,19.3266672536,True
1597988063413780480,tr√°nsito,coordenadas,"¬°Precauci√≥n! Por #bloqueo de manifestantes en 22 de Febrero y Castilla Oriente, colonia Centro de Azcapotzalco, alcald√≠a Azcapotzalco. Alternativa: Av. Aquiles Serd√°n.","['precauci√≥n', 'manifestante', '22', 'febrero', 'castilla', 'oriente', 'colonia', 'centro', 'azcapotzalco', 'alcald√≠a', 'azcapotzalco', 'alternativa', 'av', 'aquiles', 'ser']",['bloqueo'],[],4,0,0,40098528,Radio Tr√°fico Total,trafico889,2009-05-14 16:06:13,1,897302,69,2022-11-30 10:16:58,2022,11,30,10,16,5,Gustavo A. Madero,-99.1158642087,19.5040652077,True
1598000606748192769,incendio,palabras clave,"#AMxVial || #CDMX: servicios de emergencia atienden el #Incendio de un autom√≥vil en Avenida Plutarco El√≠as Calles, alcald√≠a #Iztapalapa. ‚ö†Ô∏è Conduzca con precauci√≥n.

üì∏: @Bomberos_CDMX 

#AgenciaMxNoticias https://t.co/7nhhEMmhSB","['servicio', 'emergencia', 'atender', 'autom√≥vil', 'avenida', 'plutarco', '√©l', 'calle', 'alcald√≠a', 'conduzca', 'precauci√≥n']","['AMxVial', 'CDMX', 'Incendio', 'Iztapalapa', 'AgenciaMxNoticias']",['Bomberos_CDMX'],5,0,2,551446885,Agencia Mexiquense de Noticias,AMXNoticias,2012-04-11 18:46:59,1,93831,673,2022-11-30 11:06:48,2022,11,30,11,6,7,Iztapalapa,-99.0567989642,19.3491663204,True
1598022710218539009,tr√°nsito,coordenadas,¬°Precauci√≥n! Ocurri√≥ un percance en Circuito Interior a la altura de Zaragoza con direcci√≥n a la Terminal A√©rea.,"['precauci√≥n', 'ocurrir', 'percance', 'circuito', 'interior', 'altura', 'zaragozo', 'direcci√≥n', 'terminal', 'a√©reo']",[],[],1,0,0,40098528,Radio Tr√°fico Total,trafico889,2009-05-14 16:06:13,1,897302,69,2022-11-30 12:34:38,2022,11,30,12,34,5,Gustavo A. Madero,-99.1158642087,19.5040652077,True
1598043095341228033,tr√°nsito,coordenadas,¬°Precauci√≥n! Ocurri√≥ un percance sobre Perif√©rico despu√©s de Alencastre con direcci√≥n a Paseo de la Reforma.,"['precauci√≥n', 'ocurrir', 'percance', 'perif√©rico', 'despu√©s', 'alencastre', 'direcci√≥n', 'paseo', 'reforma']",[],[],2,0,0,40098528,Radio Tr√°fico Total,trafico889,2009-05-14 16:06:13,1,897302,69,2022-11-30 13:55:38,2022,11,30,13,55,5,Gustavo A. Madero,-99.1158642087,19.5040652077,True
1598051456459845633,tr√°nsito,coordenadas,"¬°Precauci√≥n! Se libera la circulaci√≥n en lateral de Anillo Perif√©rico a la altura del n√∫mero 1950, col. Los Alpes, alcald√≠a √Ålvaro Obreg√≥n, luego de la presencia de #manifestantes.","['precauci√≥n', 'liberar', 'circulaci√≥n', 'lateral', 'anillo', 'perif√©rico', 'altura', 'n√∫mero', '1950', 'col', 'alpes', 'alcald√≠a', 'alvaro', 'obregon', 'luego', 'presencia']",['manifestantes'],[],3,0,0,40098528,Radio Tr√°fico Total,trafico889,2009-05-14 16:06:13,1,897302,69,2022-11-30 14:28:52,2022,11,30,14,28,5,Gustavo A. Madero,-99.1158642087,19.5040652077,True
1598139055572930560,tr√°nsito,coordenadas,"@LaColoniaJuarez Ser√°n vecinos de @SEGOB_mx , que sufre bloqueos y plantones. Tambi√©n de @comar_sg que tiene alto flujo de solicitantes,algunos incluso que pernoctan en la v√≠a p√∫blica. Lo que aumentar√° ser√° el tr√°fico vehicular. Se animar√° @SERVIMETSA a colocar parqu√≠metros en Abraham Gonz√°lez?","['vecino', 'sufrir', 'bloqueo', 'plant√≥n', 'alto', 'flujo', 'solicitant', 'incluso', 'pernoctar', 'v√≠a', 'p√∫blico', 'aumentar', 'tr√°fico', 'vehicular', 'animar', 'colocar', 'parqu√≠metro', 'abraham', 'gonz√°lez']",[],"['LaColoniaJuarez', 'SEGOB_mx', 'comar_sg', 'SERVIMETSA']",0,0,1,30033014,Eduardo Ramirez,edramx,2009-04-09 12:07:05,0,318,1572,2022-11-30 20:16:57,2022,11,30,20,16,5,Gustavo A. Madero,-99.1158642087,19.5040652077,True
1598145715641122816,tr√°nsito,palabras clave,"@UCS_GCDMX buenas noches, ser√≠a posible que enviaran patrullas de tr√°nsito a retirar unas pipas que hacen maniobras y bastante ruido en calle zotitla 36 colonia abdias de soto lara en Cuajimalpa cp 05530. por favor, esto es diario y a toda hora","['buena', 'noche', 'posible', 'enviar', 'patrulla', 'tr√°nsito', 'retirar', 'uno', 'pipa', 'hacer', 'maniobra', 'bastante', 'ruido', 'calle', 'cotilla', '36', 'colonia', 'medias', 'soto', 'lara', 'cuajimalpa', 'cp', '05530', 'favor', 'diario', 'todo', 'hora']",[],['UCS_GCDMX'],0,1,0,449509314,Guci SC2022,gilrodcars,2011-12-28 23:47:46,0,0,63,2022-11-30 20:43:25,2022,11,30,20,43,4,Cuajimalpa de Morelos,-99.3107285253,19.3246343001,True
1598151449359196160,tr√°nsito,palabras clave,"En el contexto de un ""gobierno Anticorrupcion"" que iba a erradicar todo acto ilegal y de transgresi√≥n a las leyes, de abuso del poder y tr√°fico de influencias no se puede concebir el grado de corrupci√≥n q prolifera en Coyoac√°n con el aval de GCDMX
@Claudiashein https://t.co/pls2zKBkpV","['contexto', 'gobierno', 'anticorrupcion', 'ir', 'erradicar', 'acto', 'ilegal', 'transgresi√≥n', 'ley', 'abuso', 'poder', 'tr√°fico', 'influencia', 'poder', 'concebir', 'grado', 'corrupci√≥n', 'proliferar', 'coyoac√°n', 'aval', 'cdmx']",[],['Claudiashein'],0,0,1,1587879202182742016,Asamblea Aut√≥noma de los pueblos y barriosCoyoac√°n,AsambleaAutnom1,2022-11-02 12:48:16,0,61,441,2022-11-30 21:06:12,2022,11,30,21,6,3,Coyoac√°n,-99.1503763525,19.3266672536,True
1598156745368637440,tr√°nsito,palabras clave,"¬°Maneja con precauci√≥n! Se registra #lluvia ligera en las alcald√≠as: Magdalena Contreras, Milpa Alta, Cuajimalpa y Tlalpan.","['manejar', 'precauci√≥n', 'registrar', 'ligero', 'alcald√≠a', 'magdalena', 'contrera', 'milpa', 'alto', 'cuajimalpa', 'tlalpan']",['lluvia'],[],2,0,1,40098528,Radio Tr√°fico Total,trafico889,2009-05-14 16:06:13,1,897302,69,2022-11-30 21:27:15,2022,11,30,21,27,4,Cuajimalpa de Morelos,-99.3107285253,19.3246343001,True
1598189751697346561,tr√°nsito,coordenadas,"¬°Precauci√≥n! Por #choque servicios de emergencia laboran en Congreso de la Uni√≥n a la altura de Platino, col. Valle G√≥mez.","['precauci√≥n', 'servicio', 'emergencia', 'laboran', 'congreso', 'uni√≥n', 'altura', 'platino', 'col', 'valle', 'gomez']",['choque'],[],8,0,2,40098528,Radio Tr√°fico Total,trafico889,2009-05-14 16:06:13,1,897302,69,2022-11-30 23:38:24,2022,11,30,23,38,5,Gustavo A. Madero,-99.1158642087,19.5040652077,True
