pubID,topicQuery,typeQuery,tweet,likeCount,replyCount,retweetCount,authorID,authorName,authorUsername,authorCreatedAt,authorVerified,followersCount,followingCount,pubDate,pubYear,pubMonth,pubDay,pubHour,pubMinute,geoID,geoName,longitude,latitude
1461047802356711426,pirotecnia,coordenadas,"""Un loco enamorado serÃ­a capaz de hacer fuegos artificiales con el sol, la luna y las estrellas, para recuperar a su amada"". (Johann Wolfgang Goethe)",0,0,0,2445722683,Araceli ğŸ¦©,Ara05Garcia,2014-04-15 11:02:17,False,53,157,2021-11-17 13:05:15,2021,11,17,13,05,5,Gustavo A. Madero,-99.128294,19.4043522
1461047802356711426,pirotecnia,coordenadas,"""Un loco enamorado serÃ­a capaz de hacer fuegos artificiales con el sol, la luna y las estrellas, para recuperar a su amada"". (Johann Wolfgang Goethe)",0,0,0,2445722683,Araceli ğŸ¦©,Ara05Garcia,2014-04-15 11:02:17,False,53,157,2021-11-17 13:05:15,2021,11,17,13,05,6,Iztacalco,-99.128294,19.4043522
1464616214378868738,pirotecnia,palabras clave,@rodrigosepu querido Rodrigo vivo en cerrillos al frente del estadio Benito JuÃ¡rez y pasa algo similar partidos hasta la 12 de la noche fuegos artificiales alcohol y de deportivo nada saludos,1,0,0,1195032503351943168,yasna erazoğŸŒ³ğŸŒ³ğŸŒ³ğŸŒ³ğŸŒ³,YasnaErazo,2019-11-14 11:35:34,False,319,133,2021-11-27 09:24:51,2021,11,27,09,24,14,Benito JuÃ¡rez,-99.1611346584,19.3806424162
1461047802356711426,pirotecnia,coordenadas,"""Un loco enamorado serÃ­a capaz de hacer fuegos artificiales con el sol, la luna y las estrellas, para recuperar a su amada"". (Johann Wolfgang Goethe)",0,0,0,2445722683,Araceli ğŸ¦©,Ara05Garcia,2014-04-15 11:02:17,False,53,157,2021-11-17 13:05:15,2021,11,17,13,05,15,CuauhtÃ©moc,-99.128294,19.4043522
1460101217712025606,pirotecnia,palabras clave,"@Cuauhtemoc_1521 Y pleno festejo lanzaron los fuegos artificiales e inmediatamente despuÃ©s los globos llenos de hidrÃ³geno, el resultado fue una llama abrasadora que los comentaristas hicieron lo imposible para no reaccionar, las cÃ¡maras voltearon de inmediato a ver a los palcos y no paso nada.",1,1,0,63759629,Felipe de JesÃºs Ãngeles RamÃ­rez,biosunam,2009-08-07 10:05:25,False,592,1546,2021-11-14 22:23:52,2021,11,14,22,23,15,CuauhtÃ©moc,-99.1490557562,19.4313734294
1461047802356711426,pirotecnia,coordenadas,"""Un loco enamorado serÃ­a capaz de hacer fuegos artificiales con el sol, la luna y las estrellas, para recuperar a su amada"". (Johann Wolfgang Goethe)",0,0,0,2445722683,Araceli ğŸ¦©,Ara05Garcia,2014-04-15 11:02:17,False,53,157,2021-11-17 13:05:15,2021,11,17,13,05,17,Venustiano Carranza,-99.128294,19.4043522
1463667234799329284,trÃ¡nsito,coordenadas,"CuÃ¡ntas veces se tiene que reportar el mal funcionamiento del semÃ¡foro de Eje 2 Ote al cruce con Fray Servando, hoy no solo fue la duraciÃ³n de la luz roja, de plano se quedÃ³ ""pegado"" en ese color. Oficiales de #TransitoCDMX apoyando en labores de trÃ¡nsito @OVIALCDMX @UCS_GCDMX",0,1,0,88287568,Joe Zamora,Joetiman,2009-11-07 16:30:00,False,376,691,2021-11-24 18:33:57,2021,11,24,18,33,2,Azcapotzalco,-99.180678,19.444937
1459298706822467585,trÃ¡nsito,coordenadas,"Agradezco la invitaciÃ³n, sÃ© perfectamente que estÃ¡ prohibido tomar el carril exclusivo del Metrobus, pero priorizo MI VIDA sobre lo que dicte el reglamento de trÃ¡nsito, cuando haya infraestructura adecuada y no tenga que torear autos por evadir los estacionados cumplirÃ©. https://t.co/E54n2BSaOZ",5,0,0,87779695,ğ¸ğ“ ğ’¾ğ“ƒğ‘€ğ’œğ’°ğ“‚ğ’¶ğ’·ğ“ğ‘’ ğŸ…,elmaugarcia,2009-11-05 14:50:49,False,3157,747,2021-11-12 17:14:58,2021,11,12,17,14,2,Azcapotzalco,-99.180678,19.444937
1463994522694782981,trÃ¡nsito,palabras clave,"#CruzRojaMexicana estÃ¡ atendiendo un #accidente de #trÃ¡nsito en #Moldeadores,  #Monte #Alto, #Azcapotzalco con una #ambulancia donada con tus aportaciones https://t.co/ARtw1FFWC7",0,0,0,476050170,Cruz Roja CDMX,CruzRoja_CDMX,2012-01-27 12:27:33,False,43729,370,2021-11-25 16:14:28,2021,11,25,16,14,2,Azcapotzalco,-99.1821069423,19.4853286147
1463994449810313224,trÃ¡nsito,palabras clave,"Al transitar por #Moldeadores,  #Monte #Alto, #Azcapotzalco encontrarÃ¡s un #accidente de #trÃ¡nsito atendido por #CruzRojaMexicana, ten cuidado y disminuye tu velocidad  https://t.co/ARtw1FFWC7",2,0,0,476050170,Cruz Roja CDMX,CruzRoja_CDMX,2012-01-27 12:27:33,False,43729,370,2021-11-25 16:14:11,2021,11,25,16,14,2,Azcapotzalco,-99.1821069423,19.4853286147
1463190804407668740,trÃ¡nsito,palabras clave,@SEDEMA_CDMX  asÃ­ es la forma en la que deben de trabajar las patrullas ambientales? Generando mÃ¡s trÃ¡nsito y con sigo mÃ¡s contaminaciÃ³n Calzada San Isidro esquina con F.I. Madero Azcapotzalco https://t.co/TcxOV8nqn9,0,1,0,134830486,Leo Garcia Zavala,leogaxi,2010-04-19 09:28:16,False,67,658,2021-11-23 11:00:47,2021,11,23,11,00,2,Azcapotzalco,-99.1821069423,19.4853286147
1463905987375546369,trÃ¡nsito,coordenadas,Se solicita envÃ­o de unidad de trÃ¡nsito para retiro de vehÃ­culos estacionados en lugar prohibido Av. Universidad #1897 Col. Oxtopulco Del. CoyoacÃ¡n @UCS_GCDMX @OVIALCDMX @SSC_CDMX https://t.co/M3tHxiXzFJ,3,3,4,457845372,Ãngel Urrutia II,angelurrutia__,2012-01-07 16:00:05,False,74,162,2021-11-25 10:22:40,2021,11,25,10,22,3,CoyoacÃ¡n,-99.2058092,19.2970107
1461875624033849349,trÃ¡nsito,coordenadas,@STE_CDMX reportar que en la lÃ­nea 7 de es muy complicado el paso por los puestos de vendedores ambulantes en Apatlaco liberar la ruta para mejorar la circulaciÃ³n apoyo de @SSC_CDMX Ã¡rea trÃ¡nsito  @UCS_GCDMX @C5_CDMX @LaSEMOVI gracias por la atenciÃ³n,0,0,0,1138350954187825152,MD BRUCE BANNER vs HULK,CarlosC13408089,2019-06-11 01:43:11,False,3518,4965,2021-11-19 19:54:43,2021,11,19,19,54,3,CoyoacÃ¡n,-99.140238,19.2846922
1461806825817489415,trÃ¡nsito,coordenadas,"@QuePocaMadre_Mx Coincido, no veo cual sea la denuncia, los pseudo oficiales de los que hablas solo hicieron cumplir el reglamento de trÃ¡nsito vigente, que te quedes sin gasolina es un descuido tuyo, no del mundo",39,1,0,3307227718,Alkachofa!!!!,AlkachofaOrtiz,2015-06-03 10:00:53,False,873,2331,2021-11-19 15:21:20,2021,11,19,15,21,3,CoyoacÃ¡n,-99.140238,19.2846922
1459686143759421441,trÃ¡nsito,coordenadas,"@GobCDMX @OVIALCDMX @SSC_CDMX @UCS_GCDMX
PolicÃ­as de trÃ¡nsito platicando mientras detrÃ¡s, vehÃ­culos ignoran el semaforo, dan vuelta en u en un lugar prohibido. En Av ermita Iztapalapa y calle reforma econÃ³mica, tinacos, no entiendo que hacen los policÃ­as, porque trabajar no. https://t.co/BpLeI9NvjV",0,0,0,2321608230,Jonatx99,paramore11dark,2014-01-31 19:51:50,False,28,621,2021-11-13 18:54:30,2021,11,13,18,54,3,CoyoacÃ¡n,-99.140238,19.2846922
1465825768144085000,trÃ¡nsito,palabras clave,"Oficiales de #TrÃ¡nsito implementan dispositivo de estacionamiento prohibido en Av. CoyoacÃ¡n col. Del Valle, @BJAlcaldia en atenciÃ³n a @Nomix3x https://t.co/yjYJWF8LUs",3,1,0,166594238,OVIAL_SSCCDMX,OVIALCDMX,2010-07-14 09:00:43,True,1935869,133,2021-11-30 17:31:11,2021,11,30,17,31,3,CoyoacÃ¡n,-99.1503763525,19.3266672536
1465797809957916674,trÃ¡nsito,palabras clave,"@DigiTesla75 @MinekoKia @EsoooooTilin @RoyalMacuspana @ManuelVegaMX @liderponce574 @LiberwolfLiber @GaboCTuLove @TQuedateencasa @ricardorie2 @Elforolibreorg @SapitoFifiWoWo @jo52170739 @GianinoGian @NateHowl @ShelzyMx @MonFalad @monamormafis @MisterOmniman @JL0_42 @ROLFICOMPAFUEGO @EligiodelaV @HernanCortesHK @el_Barto__ @GARCIPAVON @AnalystTyrion @crucio22791848 @estanislaojr @Yoyux49 @JoDaSu85 @Furioso123 @Vane_SiVal @maurotimauroti @adnware @napoles_o @arqvictorvargas @DigiTes1a75 @DeividHassel @Flightradar38 @blkalexmx @bago62 @coyoacan_leon @alejand57047038 @mind_jacket @Hijode100Padres @pal4s_atenea @Ciudadano215 @Gabbicha_rueda @luis_gaymor esperar mÃ¡s mamadas de capitalistas anti capitalismo? q seguirÃ¡? ""Hijo de AMLO juega tetris y a entrenar PokÃ©mons online con hijo de un vecino q trabaja de asesor de tÃ©cnico informÃ¡tico en palacio nacional? jajaja corrupciÃ³n trÃ¡fico d influencias jajaja estÃ¡ prohibido ser amigos",1,0,0,2326269097,EgreÌ¥Ì˜ÌœÍ‡Í“Ì»Ì­Ì©Í“ÌœÌœÌŸÌ¯Ì»Ì±gor zÌ¬ÌŸÍ™ÍÌœÍ‰Ì±Ì±ÍÌ Í¯Ì†ÌÌƒÌ†Í—ÍÌ‡Ì¾Ì‹,secuaz,2014-02-03 19:02:19,False,1637,1946,2021-11-30 15:40:05,2021,11,30,15,40,3,CoyoacÃ¡n,-99.1503763525,19.3266672536
1464673115057754113,trÃ¡nsito,palabras clave,"Casa Xipe Pacifico 151 ruido, contaminaciÃ³n y trÃ¡fico en el corazÃ³n de @Coyoacan_ @Coyoacan_ @TlalpanCoyoacan .",1,0,0,124582400,ğŸ—Monique #FreeAssangeNOW,butterflyblues4,2010-03-19 16:03:30,False,524,2319,2021-11-27 13:10:57,2021,11,27,13,10,3,CoyoacÃ¡n,-99.1503763525,19.3266672536
1463905987375546369,trÃ¡nsito,palabras clave,Se solicita envÃ­o de unidad de trÃ¡nsito para retiro de vehÃ­culos estacionados en lugar prohibido Av. Universidad #1897 Col. Oxtopulco Del. CoyoacÃ¡n @UCS_GCDMX @OVIALCDMX @SSC_CDMX https://t.co/M3tHxiXzFJ,3,3,4,457845372,Ãngel Urrutia II,angelurrutia__,2012-01-07 16:00:05,False,74,162,2021-11-25 10:22:40,2021,11,25,10,22,3,CoyoacÃ¡n,-99.2058092,19.2970107
1458164110848364550,trÃ¡nsito,palabras clave,"A punto de pasarse el alto, para incorporarse a Av. CoyoacÃ¡n, UN EJE VIAL!! detenido sobre el paso peatonal. Tengo suerte de encontrarme diario y a todas horas los cochistas que no respetan el reglamento de trÃ¡nsito. https://t.co/ZhuPBPNbXu",0,0,0,47207675,Licenciado Chilakill,paztobalam,2009-06-14 17:51:39,False,786,1565,2021-11-09 14:06:30,2021,11,09,14,06,3,CoyoacÃ¡n,-99.1503763525,19.3266672536
1463905987375546369,trÃ¡nsito,coordenadas,Se solicita envÃ­o de unidad de trÃ¡nsito para retiro de vehÃ­culos estacionados en lugar prohibido Av. Universidad #1897 Col. Oxtopulco Del. CoyoacÃ¡n @UCS_GCDMX @OVIALCDMX @SSC_CDMX https://t.co/M3tHxiXzFJ,3,3,4,457845372,Ãngel Urrutia II,angelurrutia__,2012-01-07 16:00:05,False,74,162,2021-11-25 10:22:40,2021,11,25,10,22,4,Cuajimalpa de Morelos,-99.2058092,19.2970107
1463873398615031817,trÃ¡nsito,coordenadas,"Urge ponerle un alto a quienes usan el celular mientras manejan 'se exponen y exponen a un accidente'

EstÃ¡ prohibido en el reglamento de trÃ¡nsito https://t.co/xVPa46mA1W",2,1,1,242109258,LeÃ³n âŠ ğŸ‚ğŸš²ğŸ’¾,leoncsm,2011-01-23 17:56:11,False,961,1677,2021-11-25 08:13:10,2021,11,25,08,13,4,Cuajimalpa de Morelos,-99.1919955,19.357102
1463183032383332372,trÃ¡nsito,coordenadas,"@alexvillac @Areyes2712 @colegiowilliams @BJAlcaldia @C5_CDMX @UCS_GCDMX @LaSEMOVI @SSC_CDMX @transito Exacto, es lo mismo. A fin de cuentas apartan lugares con objetos que estorban el arrollo. Lo cual estÃ¡ PROHIBIDO",0,0,0,100118442,Richy Richin jodonsin,ricardot_13,2009-12-28 21:11:21,False,315,927,2021-11-23 10:29:54,2021,11,23,10,29,4,Cuajimalpa de Morelos,-99.1919955,19.357102
1458480819928977415,trÃ¡nsito,coordenadas,"@TapiaTury @Foro_TV Se culpa a los automovilistas porque tienen la culpa.

""Los ciclistas se pasan los altos""
Sorpresa, nos podemos pasar el alto de acuerdo al art 16 del reglamento de trÃ¡nsito. Nadie el reglamento antes de manejar, pobres vÃ­ctimas a las que siempre se les culpa.",20,0,0,242109258,LeÃ³n âŠ ğŸ‚ğŸš²ğŸ’¾,leoncsm,2011-01-23 17:56:11,False,961,1677,2021-11-10 11:04:59,2021,11,10,11,04,4,Cuajimalpa de Morelos,-99.1919955,19.357102
1457033701720735756,trÃ¡nsito,coordenadas,"|ï¿£ï¿£ï¿£ï¿£ï¿£ï¿£ï¿£ï¿£ï¿£|
   âš¡ï¸Preparando la
 mitigaciÃ³n para el trÃ¡fico 
   y la contaminaciÃ³n 
|ï¼¿ï¼¿ï¼¿ï¼¿ï¼¿ï¼¿ï¼¿ï¼¿ï¼¿|

                  âˆ§_,,âˆ§ã€€ã€€ã€€ 
    ã€€   ã€€ (ãƒ»Ï‰ãƒ» )
   ï¼¿ï¼¿ ï¼¿â—‹ï¼¿ï¼¿ã¤ãƒ¾ï¼¿ _ _
 / ğŸš²ğŸšğŸšŒğŸš ğŸšƒğŸšğŸ›´ğŸš² /
|  ï¿£ï¿£ï¿£ï¿£ï¿£ï¿£ï¿£ï¿£ï¿£ï¿£ï¿£|",20,0,4,1916174244,Gus Jimenez,GusTransporte,2013-09-28 23:14:29,False,2599,957,2021-11-06 11:14:39,2021,11,06,11,14,4,Cuajimalpa de Morelos,-99.1919955,19.357102
1461777063912906752,trÃ¡nsito,palabras clave,Se solicita unidad de trÃ¡nsito para levantar infracciÃ³n a estos autos estacionado en lugar prohibido @OVIALCDMX c Lerdo esquina Av Veracruz Cuajimalpa cp 05000,0,2,0,166359351,Dari,orberich,2010-07-13 17:42:30,False,204,489,2021-11-19 13:23:05,2021,11,19,13,23,4,Cuajimalpa de Morelos,-99.3107285253,19.3246343001
1465456263379275779,trÃ¡nsito,coordenadas,"ğŸ’¥ğŸ’«A manejar con precauciÃ³n ya que hay trÃ¡nsito lento direcciÃ³n a la CDMX ğŸ¥ºğŸ’¥

https://t.co/gJ81vkVUJp en Carretera Mexico PeÃ±Ã³n Texcoco https://t.co/GQS3YVDYJ0",0,0,0,273798295,Jul's,JCESAR8411,2011-03-28 23:30:43,False,155,1269,2021-11-29 17:02:54,2021,11,29,17,02,5,Gustavo A. Madero,-99.05023974,19.45285872
1464379371574206468,trÃ¡nsito,coordenadas,"@jorgeelbecerro @BiciSoluciones Claro que estÃ¡s infringiendo la ley al ir conduciendo con tu celular en la mano en uso.
Reglamento de trÃ¡nsito artÃ­culo 38. EstÃ¡ prohibido usar el telÃ©fono celular o cualquier dispositivo de comunicaciÃ³n mientras el auto permanezca en movimiento
La multa $1,792-$2,688 pesos
Tonto",1,1,0,29755230,Gaby HernÃ¡ndez,sgabyhdz,2009-04-08 10:34:05,False,706,1739,2021-11-26 17:43:43,2021,11,26,17,43,5,Gustavo A. Madero,-99.1843501,19.3998346
1463667234799329284,trÃ¡nsito,coordenadas,"CuÃ¡ntas veces se tiene que reportar el mal funcionamiento del semÃ¡foro de Eje 2 Ote al cruce con Fray Servando, hoy no solo fue la duraciÃ³n de la luz roja, de plano se quedÃ³ ""pegado"" en ese color. Oficiales de #TransitoCDMX apoyando en labores de trÃ¡nsito @OVIALCDMX @UCS_GCDMX",0,1,0,88287568,Joe Zamora,Joetiman,2009-11-07 16:30:00,False,376,691,2021-11-24 18:33:57,2021,11,24,18,33,5,Gustavo A. Madero,-99.180678,19.444937
1461920010432094209,trÃ¡nsito,coordenadas,"@Claudiashein , @OHarfuch de la manera mÃ¡s atenta les pido hagan algo con la vialidad de fray Servando y boulevard puerto aÃ©reo, es un problema de vialidad en la zona, su obra provoca mÃ¡s trÃ¡fico y obviamente mÃ¡s contaminaciÃ³n.urgen elementos de vialidad!!!",0,0,0,1295570990668316677,Rocky,Res82599611,2020-08-17 21:59:40,False,381,850,2021-11-19 22:51:06,2021,11,19,22,51,5,Gustavo A. Madero,-99.128294,19.4043522
1459298706822467585,trÃ¡nsito,coordenadas,"Agradezco la invitaciÃ³n, sÃ© perfectamente que estÃ¡ prohibido tomar el carril exclusivo del Metrobus, pero priorizo MI VIDA sobre lo que dicte el reglamento de trÃ¡nsito, cuando haya infraestructura adecuada y no tenga que torear autos por evadir los estacionados cumplirÃ©. https://t.co/E54n2BSaOZ",5,0,0,87779695,ğ¸ğ“ ğ’¾ğ“ƒğ‘€ğ’œğ’°ğ“‚ğ’¶ğ’·ğ“ğ‘’ ğŸ…,elmaugarcia,2009-11-05 14:50:49,False,3157,747,2021-11-12 17:14:58,2021,11,12,17,14,5,Gustavo A. Madero,-99.180678,19.444937
1458087256158359560,trÃ¡nsito,coordenadas,"Considero que la paja en ayunas deberÃ­a ser algo obligatorio. 
Ayuda a convatir el estrÃ©s del trÃ¡fico citadino",1,0,0,1422220829966884867,PAKITO PONCE ğŸğŸ”¥ğŸŒŸ,ponce_pakito,2021-08-02 09:43:53,False,149,900,2021-11-09 09:01:06,2021,11,09,09,01,5,Gustavo A. Madero,-99.128294,19.4043522
1456340713277464582,trÃ¡nsito,coordenadas,"@Claudiashein @Bomberos_CDMX @SSC_CDMX SerÃ­a magnÃ­fico que atendieran tambiÃ©n la otra emergencia: el trÃ¡fico de animales, ILEGAL pero PROTEGIDO.",162,5,29,138731801,KirÃ©n Miret,kmiret,2010-04-30 06:22:32,True,73409,1548,2021-11-04 13:20:58,2021,11,04,13,20,5,Gustavo A. Madero,-99.128294,19.4043522
1464601778385793029,trÃ¡nsito,palabras clave,@TuAlcaldiaGAM solicitamos de su apoyo para mandar a quitar todos estos camiones que bloquean las calles ocasionando trÃ¡fico ruido molestias basurero que deja la gente ya estamos artosâ€¦.@gamadero @Claudiashein @LindavistaV_GAM @Soslindavista @GobCDMX @lopezobrador_,0,0,0,1160461703605379072,Soytepeyacinsurgentes,Soytepeyacinsu1,2019-08-11 02:03:25,False,54,226,2021-11-27 08:27:29,2021,11,27,08,27,5,Gustavo A. Madero,-99.1158642087,19.5040652077
1464600467774836743,trÃ¡nsito,palabras clave,"Se acercan la llegada de las peregrinaciones @gamadero @LindavistaV_GAM @OVIALCDMX @C5_CDMX @Claudiashein @GobCDMX @LindavistaV_GAM esto no puede seguir asi, ruido trÃ¡fico no dejan paso libre HAGAN ALGO YA!!! Calle uniÃ³n Tepeyac insurgentes GAM https://t.co/gKfAtleycJ",4,2,5,1160461703605379072,Soytepeyacinsurgentes,Soytepeyacinsu1,2019-08-11 02:03:25,False,54,226,2021-11-27 08:22:17,2021,11,27,08,22,5,Gustavo A. Madero,-99.1158642087,19.5040652077
1463023184278654978,trÃ¡nsito,palabras clave,"#CruzRojaMexicana estÃ¡ ayudando en un #accidente de #trÃ¡nsito en  #Juventino #Rosas,  #Cuautepec #Barrio #Alto,  #Gustavo A. #Madero ten cuidado al pasar por el lugar https://t.co/yj9KxXV1Iv",1,0,2,476050170,Cruz Roja CDMX,CruzRoja_CDMX,2012-01-27 12:27:33,False,43729,370,2021-11-22 23:54:43,2021,11,22,23,54,5,Gustavo A. Madero,-99.1158642087,19.5040652077
1458629077372444673,trÃ¡nsito,palabras clave,"Los problemas de movilidad en GAM no son endÃ³genos,existe factor exÃ³geno de los vehÃ­culos del EdoMex que diariamente circulan su territorio para entrar y salir de CdMx;Si no se replantean las relaciones intergubernamentales reconociÃ©ndolo,el trÃ¡fico-contaminaciÃ³n serÃ¡ insalvable https://t.co/gGsaYySWRS",5,1,2,184275781,Angel Leal Galicia,angelegal,2010-08-28 21:54:22,False,718,529,2021-11-10 20:54:06,2021,11,10,20,54,5,Gustavo A. Madero,-99.1158642087,19.5040652077
1457027488731877383,trÃ¡nsito,palabras clave,"Una #ambulancia de la #CruzRojaMexicana labora atendiendo a un paciente herido por un #accidente de #trÃ¡nsito en  La #Palma,  #Cuautepec #Barrio #Alto,  #Gustavo A. #Madero https://t.co/KlCQSSWPfg",1,0,1,476050170,Cruz Roja CDMX,CruzRoja_CDMX,2012-01-27 12:27:33,False,43729,370,2021-11-06 10:49:58,2021,11,06,10,49,5,Gustavo A. Madero,-99.1158642087,19.5040652077
1455664057072168961,trÃ¡nsito,palabras clave,"Si pero en la CDMX nadie nadie respeta el reglamento de TrÃ¡nsito. 
VehÃ­culos de lujo con polarizado, sin placas sin verificaciÃ³n.
AquÃ­ no se respeta ni un alto en las colonias populares.
Vaya de la V Carranza a la GAM.
Ni el confinado del MetrobÃºs...
Van a parar uno de lujo? :) https://t.co/hSpEC9MFec",0,0,0,78197592,Hugo Otilio DM,hugootilio,2009-09-28 20:53:05,False,396,456,2021-11-02 16:32:10,2021,11,02,16,32,5,Gustavo A. Madero,-99.1158642087,19.5040652077
1455183869884391426,trÃ¡nsito,palabras clave,@UCS_GCDMX @OVIALCDMX @Tu_IMSS Buen dÃ­a reportar base de taxi clandestina poniendo objetos sobre el arroyo vehicular impidiendo el trÃ¡nsito. Frente a clÃ­nica 3 del IMSS quitando el libre acceso de pacientes. Calle Oriente 91 entre norte 68 y norte 70-A Col. La joya GAM https://t.co/kHSj7BBUsV,0,2,0,1205473004907585537,Alex,alexruizsolis,2019-12-13 07:02:29,False,30,448,2021-11-01 08:44:05,2021,11,01,08,44,5,Gustavo A. Madero,-99.1158642087,19.5040652077
1464379371574206468,trÃ¡nsito,coordenadas,"@jorgeelbecerro @BiciSoluciones Claro que estÃ¡s infringiendo la ley al ir conduciendo con tu celular en la mano en uso.
Reglamento de trÃ¡nsito artÃ­culo 38. EstÃ¡ prohibido usar el telÃ©fono celular o cualquier dispositivo de comunicaciÃ³n mientras el auto permanezca en movimiento
La multa $1,792-$2,688 pesos
Tonto",1,1,0,29755230,Gaby HernÃ¡ndez,sgabyhdz,2009-04-08 10:34:05,False,706,1739,2021-11-26 17:43:43,2021,11,26,17,43,6,Iztacalco,-99.1843501,19.3998346
1463873398615031817,trÃ¡nsito,coordenadas,"Urge ponerle un alto a quienes usan el celular mientras manejan 'se exponen y exponen a un accidente'

EstÃ¡ prohibido en el reglamento de trÃ¡nsito https://t.co/xVPa46mA1W",2,1,1,242109258,LeÃ³n âŠ ğŸ‚ğŸš²ğŸ’¾,leoncsm,2011-01-23 17:56:11,False,962,1677,2021-11-25 08:13:10,2021,11,25,08,13,6,Iztacalco,-99.1919955,19.357102
1463183032383332372,trÃ¡nsito,coordenadas,"@alexvillac @Areyes2712 @colegiowilliams @BJAlcaldia @C5_CDMX @UCS_GCDMX @LaSEMOVI @SSC_CDMX @transito Exacto, es lo mismo. A fin de cuentas apartan lugares con objetos que estorban el arrollo. Lo cual estÃ¡ PROHIBIDO",0,0,0,100118442,Richy Richin jodonsin,ricardot_13,2009-12-28 21:11:21,False,315,926,2021-11-23 10:29:54,2021,11,23,10,29,6,Iztacalco,-99.1919955,19.357102
1461920010432094209,trÃ¡nsito,coordenadas,"@Claudiashein , @OHarfuch de la manera mÃ¡s atenta les pido hagan algo con la vialidad de fray Servando y boulevard puerto aÃ©reo, es un problema de vialidad en la zona, su obra provoca mÃ¡s trÃ¡fico y obviamente mÃ¡s contaminaciÃ³n.urgen elementos de vialidad!!!",0,0,0,1295570990668316677,Rocky,Res82599611,2020-08-17 21:59:40,False,381,850,2021-11-19 22:51:06,2021,11,19,22,51,6,Iztacalco,-99.128294,19.4043522
1458480819928977415,trÃ¡nsito,coordenadas,"@TapiaTury @Foro_TV Se culpa a los automovilistas porque tienen la culpa.

""Los ciclistas se pasan los altos""
Sorpresa, nos podemos pasar el alto de acuerdo al art 16 del reglamento de trÃ¡nsito. Nadie el reglamento antes de manejar, pobres vÃ­ctimas a las que siempre se les culpa.",20,0,0,242109258,LeÃ³n âŠ ğŸ‚ğŸš²ğŸ’¾,leoncsm,2011-01-23 17:56:11,False,962,1677,2021-11-10 11:04:59,2021,11,10,11,04,6,Iztacalco,-99.1919955,19.357102
1458087256158359560,trÃ¡nsito,coordenadas,"Considero que la paja en ayunas deberÃ­a ser algo obligatorio. 
Ayuda a convatir el estrÃ©s del trÃ¡fico citadino",1,0,0,1422220829966884867,PAKITO PONCE ğŸğŸ”¥ğŸŒŸ,ponce_pakito,2021-08-02 09:43:53,False,149,900,2021-11-09 09:01:06,2021,11,09,09,01,6,Iztacalco,-99.128294,19.4043522
1457033701720735756,trÃ¡nsito,coordenadas,"|ï¿£ï¿£ï¿£ï¿£ï¿£ï¿£ï¿£ï¿£ï¿£|
   âš¡ï¸Preparando la
 mitigaciÃ³n para el trÃ¡fico 
   y la contaminaciÃ³n 
|ï¼¿ï¼¿ï¼¿ï¼¿ï¼¿ï¼¿ï¼¿ï¼¿ï¼¿|

                  âˆ§_,,âˆ§ã€€ã€€ã€€ 
    ã€€   ã€€ (ãƒ»Ï‰ãƒ» )
   ï¼¿ï¼¿ ï¼¿â—‹ï¼¿ï¼¿ã¤ãƒ¾ï¼¿ _ _
 / ğŸš²ğŸšğŸšŒğŸš ğŸšƒğŸšğŸ›´ğŸš² /
|  ï¿£ï¿£ï¿£ï¿£ï¿£ï¿£ï¿£ï¿£ï¿£ï¿£ï¿£|",20,0,4,1916174244,Gus Jimenez,GusTransporte,2013-09-28 23:14:29,False,2600,957,2021-11-06 11:14:39,2021,11,06,11,14,6,Iztacalco,-99.1919955,19.357102
1456340713277464582,trÃ¡nsito,coordenadas,"@Claudiashein @Bomberos_CDMX @SSC_CDMX SerÃ­a magnÃ­fico que atendieran tambiÃ©n la otra emergencia: el trÃ¡fico de animales, ILEGAL pero PROTEGIDO.",162,5,29,138731801,KirÃ©n Miret,kmiret,2010-04-30 06:22:32,True,73409,1548,2021-11-04 13:20:58,2021,11,04,13,20,6,Iztacalco,-99.128294,19.4043522
1462438574012481541,trÃ¡nsito,palabras clave,"@Claudiashein Insisto dra por favor venga a calle 7 iztacalco, aquÃ­ no hay Ã¡reas verdes, nuestros hijos y mascotas estÃ¡n entre un trÃ¡fico constante en perifÃ©rico oriente, lleno de contaminaciÃ³n, basura pornografia y alcohol, le pido recupere estos espacios para mejorar el ambiente",0,0,0,1415112439516041217,Blanca,333MBM,2021-07-13 18:55:20,False,374,433,2021-11-21 09:11:41,2021,11,21,09,11,6,Iztacalco,-99.0943297970,19.3969118970
1456741371730186240,trÃ¡nsito,palabras clave,"Con mucho respeto:

Â¿Que lxs vecinxs de las colonias aledaÃ±as -en Iztacalco- no podemos tambiÃ©n aprovechar la derrama econÃ³mica del evento, aÃºn cuando saturan las calles, limitan el libre trÃ¡nsito y el ruido es estruendoso durante estos dÃ­as?",4,0,0,1917761983,Luis ColÃ­n,Luis_Colin1,2013-09-29 11:51:27,False,4041,1386,2021-11-05 15:53:02,2021,11,05,15,53,6,Iztacalco,-99.0943297970,19.3969118970
1463905987375546369,trÃ¡nsito,coordenadas,Se solicita envÃ­o de unidad de trÃ¡nsito para retiro de vehÃ­culos estacionados en lugar prohibido Av. Universidad #1897 Col. Oxtopulco Del. CoyoacÃ¡n @UCS_GCDMX @OVIALCDMX @SSC_CDMX https://t.co/M3tHxiXzFJ,3,3,4,457845372,Ãngel Urrutia II,angelurrutia__,2012-01-07 16:00:05,False,74,162,2021-11-25 10:22:40,2021,11,25,10,22,7,Iztapalapa,-99.2058092,19.2970107
1463873398615031817,trÃ¡nsito,coordenadas,"Urge ponerle un alto a quienes usan el celular mientras manejan 'se exponen y exponen a un accidente'

EstÃ¡ prohibido en el reglamento de trÃ¡nsito https://t.co/xVPa46mA1W",2,1,1,242109258,LeÃ³n âŠ ğŸ‚ğŸš²ğŸ’¾,leoncsm,2011-01-23 17:56:11,False,961,1677,2021-11-25 08:13:10,2021,11,25,08,13,7,Iztapalapa,-99.1919955,19.357102
1463183032383332372,trÃ¡nsito,coordenadas,"@alexvillac @Areyes2712 @colegiowilliams @BJAlcaldia @C5_CDMX @UCS_GCDMX @LaSEMOVI @SSC_CDMX @transito Exacto, es lo mismo. A fin de cuentas apartan lugares con objetos que estorban el arrollo. Lo cual estÃ¡ PROHIBIDO",0,0,0,100118442,Richy Richin jodonsin,ricardot_13,2009-12-28 21:11:21,False,315,927,2021-11-23 10:29:54,2021,11,23,10,29,7,Iztapalapa,-99.1919955,19.357102
1461875624033849349,trÃ¡nsito,coordenadas,@STE_CDMX reportar que en la lÃ­nea 7 de es muy complicado el paso por los puestos de vendedores ambulantes en Apatlaco liberar la ruta para mejorar la circulaciÃ³n apoyo de @SSC_CDMX Ã¡rea trÃ¡nsito  @UCS_GCDMX @C5_CDMX @LaSEMOVI gracias por la atenciÃ³n,0,0,0,1138350954187825152,MD BRUCE BANNER vs HULK,CarlosC13408089,2019-06-11 01:43:11,False,3518,4965,2021-11-19 19:54:43,2021,11,19,19,54,7,Iztapalapa,-99.140238,19.2846922
1461806825817489415,trÃ¡nsito,coordenadas,"@QuePocaMadre_Mx Coincido, no veo cual sea la denuncia, los pseudo oficiales de los que hablas solo hicieron cumplir el reglamento de trÃ¡nsito vigente, que te quedes sin gasolina es un descuido tuyo, no del mundo",39,1,0,3307227718,Alkachofa!!!!,AlkachofaOrtiz,2015-06-03 10:00:53,False,873,2331,2021-11-19 15:21:20,2021,11,19,15,21,7,Iztapalapa,-99.140238,19.2846922
1459686143759421441,trÃ¡nsito,coordenadas,"@GobCDMX @OVIALCDMX @SSC_CDMX @UCS_GCDMX
PolicÃ­as de trÃ¡nsito platicando mientras detrÃ¡s, vehÃ­culos ignoran el semaforo, dan vuelta en u en un lugar prohibido. En Av ermita Iztapalapa y calle reforma econÃ³mica, tinacos, no entiendo que hacen los policÃ­as, porque trabajar no. https://t.co/BpLeI9NvjV",0,0,0,2321608230,Jonatx99,paramore11dark,2014-01-31 19:51:50,False,28,621,2021-11-13 18:54:30,2021,11,13,18,54,7,Iztapalapa,-99.140238,19.2846922
1458480819928977415,trÃ¡nsito,coordenadas,"@TapiaTury @Foro_TV Se culpa a los automovilistas porque tienen la culpa.

""Los ciclistas se pasan los altos""
Sorpresa, nos podemos pasar el alto de acuerdo al art 16 del reglamento de trÃ¡nsito. Nadie el reglamento antes de manejar, pobres vÃ­ctimas a las que siempre se les culpa.",20,0,0,242109258,LeÃ³n âŠ ğŸ‚ğŸš²ğŸ’¾,leoncsm,2011-01-23 17:56:11,False,961,1677,2021-11-10 11:04:59,2021,11,10,11,04,7,Iztapalapa,-99.1919955,19.357102
1457033701720735756,trÃ¡nsito,coordenadas,"|ï¿£ï¿£ï¿£ï¿£ï¿£ï¿£ï¿£ï¿£ï¿£|
   âš¡ï¸Preparando la
 mitigaciÃ³n para el trÃ¡fico 
   y la contaminaciÃ³n 
|ï¼¿ï¼¿ï¼¿ï¼¿ï¼¿ï¼¿ï¼¿ï¼¿ï¼¿|

                  âˆ§_,,âˆ§ã€€ã€€ã€€ 
    ã€€   ã€€ (ãƒ»Ï‰ãƒ» )
   ï¼¿ï¼¿ ï¼¿â—‹ï¼¿ï¼¿ã¤ãƒ¾ï¼¿ _ _
 / ğŸš²ğŸšğŸšŒğŸš ğŸšƒğŸšğŸ›´ğŸš² /
|  ï¿£ï¿£ï¿£ï¿£ï¿£ï¿£ï¿£ï¿£ï¿£ï¿£ï¿£|",20,0,4,1916174244,Gus Jimenez,GusTransporte,2013-09-28 23:14:29,False,2599,957,2021-11-06 11:14:39,2021,11,06,11,14,7,Iztapalapa,-99.1919955,19.357102
1462784280765952000,trÃ¡nsito,palabras clave,"Algunos amanecieron mÃ¡s pendejos de lo normal. Choque en perifÃ©rico oriente en la #vicenteguerrero @Alc_Iztapalapa #Iztapalapa  #parquelineal @C5_CDMX @LaSEMOVI @OVIALCDMX @SSC_CDMX precauciÃ³n! EstÃ¡n en plena curva, en lugar de orillarse donde no estorben y hagan trÃ¡fico https://t.co/MiLNdW0opd",0,1,0,1145487617363972096,ğŸ’• Buena muchacha ğŸ’•,neni_grl_,2019-06-30 18:21:44,False,45,62,2021-11-22 08:05:24,2021,11,22,08,05,7,Iztapalapa,-99.0567989642,19.3491663204
1462156464089223171,trÃ¡nsito,palabras clave,"@Soy_Adrian_MTY @C5_CDMX @Claudiashein @OHarfuch @ClaraBrugadaM @OVIALCDMX @GobNeza @A_QuinteroMX @Alc_Iztapalapa @IztacalcoAl @LaSEMOVI En atenciÃ³n a su reporte acude al lugar PolicÃ­a de #TrÃ¡nsitoGCDMX a retirar vehÃ­culo en lugar prohibido, realiza la sanciÃ³n correspondiente conforme al reglamento, asÃ­ mismo se implementa dispositivo de seguridad y movilidad para el libre trÃ¡nsito. https://t.co/yHV8Yq7nV8",1,0,0,172346252,Unidad de Contacto del Secretario SSC CDMX,UCS_GCDMX,2010-07-29 07:52:54,True,669213,85,2021-11-20 14:30:41,2021,11,20,14,30,7,Iztapalapa,-99.0567989642,19.3491663204
1462043315583471620,trÃ¡nsito,palabras clave,TrÃ¡nsito muy pesado ALTO TOTAL en PerifÃ©rico canal San Juan carros estaciÃ³nados puente vehÃ­cular.Â¿Cuantos carros para infracciÃ³n?. #TrÃ¡nsitoGCDMX @UCS_GCDMX @C5_CDMX @Claudiashein @OHarfuch @ClaraBrugadaM @OVIALCDMX @GobNeza @A_QuinteroMX @Alc_Iztapalapa @IztacalcoAl,0,1,1,2574120409,andy,Soy_Andy_MTY,2014-06-17 22:12:05,False,224,257,2021-11-20 07:01:04,2021,11,20,07,01,7,Iztapalapa,-99.0567989642,19.3491663204
1461014287560884230,trÃ¡nsito,palabras clave,"@Soy_Adrian_MTY @UCS_GCDMX @C5_CDMX @Claudiashein @OHarfuch @ClaraBrugadaM @OVIALCDMX @GobNeza @A_QuinteroMX @Alc_Iztapalapa @IztacalcoAl @LaSEMOVI Todas las maneras que estÃ¡n prohibidas y que los mismos ameritan remisiones a depÃ³sitos vehÃ­culares no se aplica, ya que las gruas concesionadas ya estÃ¡ Excluidas de servicio o al servicio de la cdmx, asÃ­ mismo las gruas de trÃ¡nsito y oficiales de trÃ¡nsito tienen prohibido...",0,0,1,877215066038431744,Lord Megatron.,IbrahimTorres9,2017-06-20 11:22:24,False,119,2419,2021-11-17 10:52:05,2021,11,17,10,52,7,Iztapalapa,-99.0567989642,19.3491663204
1459686143759421441,trÃ¡nsito,palabras clave,"@GobCDMX @OVIALCDMX @SSC_CDMX @UCS_GCDMX
PolicÃ­as de trÃ¡nsito platicando mientras detrÃ¡s, vehÃ­culos ignoran el semaforo, dan vuelta en u en un lugar prohibido. En Av ermita Iztapalapa y calle reforma econÃ³mica, tinacos, no entiendo que hacen los policÃ­as, porque trabajar no. https://t.co/BpLeI9NvjV",0,0,0,2321608230,Jonatx99,paramore11dark,2014-01-31 19:51:50,False,28,621,2021-11-13 18:54:30,2021,11,13,18,54,7,Iztapalapa,-99.140238,19.2846922
1463905987375546369,trÃ¡nsito,coordenadas,Se solicita envÃ­o de unidad de trÃ¡nsito para retiro de vehÃ­culos estacionados en lugar prohibido Av. Universidad #1897 Col. Oxtopulco Del. CoyoacÃ¡n @UCS_GCDMX @OVIALCDMX @SSC_CDMX https://t.co/M3tHxiXzFJ,3,3,4,457845372,Ãngel Urrutia II,angelurrutia__,2012-01-07 16:00:05,False,74,162,2021-11-25 10:22:40,2021,11,25,10,22,8,La Magdalena Contreras,-99.2058092,19.2970107
1463252754994892802,trÃ¡nsito,coordenadas,"Inaudito que los fabricantes de armas pretendan evadir su responsabilidad en la muerte de civiles , es claro que detener el trÃ¡fico ilegal de arsenales pasa por ellos , el juicio apenas inicia https://t.co/kYujZard0B",10,0,5,105250833,Jaime LÃ³pez Vela,JAIMELOPEZVELA,2010-01-15 14:44:01,False,8424,7090,2021-11-23 15:06:57,2021,11,23,15,06,8,La Magdalena Contreras,-99.315748,19.087511
1463252754994892802,trÃ¡nsito,coordenadas,"Inaudito que los fabricantes de armas pretendan evadir su responsabilidad en la muerte de civiles , es claro que detener el trÃ¡fico ilegal de arsenales pasa por ellos , el juicio apenas inicia https://t.co/kYujZard0B",10,0,5,105250833,Jaime LÃ³pez Vela,JAIMELOPEZVELA,2010-01-15 14:44:01,False,8424,7090,2021-11-23 15:06:57,2021,11,23,15,06,9,Milpa Alta,-99.315748,19.087511
1465313888577150983,trÃ¡nsito,palabras clave,@Claudiashein Buenos dias por que no hacen una en cuesta para que pongan cablebus de tlahuac a milpa alta por que asi habrÃ­a desahogo veicular poniendo cablebus abrÃ­a menos contaminacion la invitÃ³ Doctora cludia a que se de una vuelta ala horas del trÃ¡fico.Para que de su mejor opinion,0,0,0,1357430454337622016,Pedro,PedroRo39548619,2021-02-04 14:47:17,False,1,6,2021-11-29 07:37:09,2021,11,29,07,37,9,Milpa Alta,-99.0510954218,19.1394565999
1462833692481568778,trÃ¡nsito,palabras clave,"@Claudiashein Jefa, pero haga una ampliaciÃ³n de la carretera de San Gregorio a Milpa Alta... Es mucho el trÃ¡fico, mucha contaminaciÃ³n, mucho tiempo. En serio que la zona detonarÃ¡ en cantidad de visitas. Ccp @andreslajous",0,0,0,214353771,JE SUIS MEXICAIN,LA_CAIDA,2010-11-10 23:51:25,False,908,956,2021-11-22 11:21:45,2021,11,22,11,21,9,Milpa Alta,-99.0510954218,19.1394565999
1463905987375546369,trÃ¡nsito,coordenadas,Se solicita envÃ­o de unidad de trÃ¡nsito para retiro de vehÃ­culos estacionados en lugar prohibido Av. Universidad #1897 Col. Oxtopulco Del. CoyoacÃ¡n @UCS_GCDMX @OVIALCDMX @SSC_CDMX https://t.co/M3tHxiXzFJ,3,3,4,457845372,Ãngel Urrutia II,angelurrutia__,2012-01-07 16:00:05,False,74,162,2021-11-25 10:22:40,2021,11,25,10,22,10,Ãlvaro ObregÃ³n,-99.2058092,19.2970107
1463873398615031817,trÃ¡nsito,coordenadas,"Urge ponerle un alto a quienes usan el celular mientras manejan 'se exponen y exponen a un accidente'

EstÃ¡ prohibido en el reglamento de trÃ¡nsito https://t.co/xVPa46mA1W",2,1,1,242109258,LeÃ³n âŠ ğŸ‚ğŸš²ğŸ’¾,leoncsm,2011-01-23 17:56:11,False,962,1677,2021-11-25 08:13:10,2021,11,25,08,13,10,Ãlvaro ObregÃ³n,-99.1919955,19.357102
1463183032383332372,trÃ¡nsito,coordenadas,"@alexvillac @Areyes2712 @colegiowilliams @BJAlcaldia @C5_CDMX @UCS_GCDMX @LaSEMOVI @SSC_CDMX @transito Exacto, es lo mismo. A fin de cuentas apartan lugares con objetos que estorban el arrollo. Lo cual estÃ¡ PROHIBIDO",0,0,0,100118442,Richy Richin jodonsin,ricardot_13,2009-12-28 21:11:21,False,315,926,2021-11-23 10:29:54,2021,11,23,10,29,10,Ãlvaro ObregÃ³n,-99.1919955,19.357102
1458480819928977415,trÃ¡nsito,coordenadas,"@TapiaTury @Foro_TV Se culpa a los automovilistas porque tienen la culpa.

""Los ciclistas se pasan los altos""
Sorpresa, nos podemos pasar el alto de acuerdo al art 16 del reglamento de trÃ¡nsito. Nadie el reglamento antes de manejar, pobres vÃ­ctimas a las que siempre se les culpa.",20,0,0,242109258,LeÃ³n âŠ ğŸ‚ğŸš²ğŸ’¾,leoncsm,2011-01-23 17:56:11,False,962,1677,2021-11-10 11:04:59,2021,11,10,11,04,10,Ãlvaro ObregÃ³n,-99.1919955,19.357102
1457033701720735756,trÃ¡nsito,coordenadas,"|ï¿£ï¿£ï¿£ï¿£ï¿£ï¿£ï¿£ï¿£ï¿£|
   âš¡ï¸Preparando la
 mitigaciÃ³n para el trÃ¡fico 
   y la contaminaciÃ³n 
|ï¼¿ï¼¿ï¼¿ï¼¿ï¼¿ï¼¿ï¼¿ï¼¿ï¼¿|

                  âˆ§_,,âˆ§ã€€ã€€ã€€ 
    ã€€   ã€€ (ãƒ»Ï‰ãƒ» )
   ï¼¿ï¼¿ ï¼¿â—‹ï¼¿ï¼¿ã¤ãƒ¾ï¼¿ _ _
 / ğŸš²ğŸšğŸšŒğŸš ğŸšƒğŸšğŸ›´ğŸš² /
|  ï¿£ï¿£ï¿£ï¿£ï¿£ï¿£ï¿£ï¿£ï¿£ï¿£ï¿£|",20,0,4,1916174244,Gus Jimenez,GusTransporte,2013-09-28 23:14:29,False,2600,957,2021-11-06 11:14:39,2021,11,06,11,14,10,Ãlvaro ObregÃ³n,-99.1919955,19.357102
1465313888577150983,trÃ¡nsito,palabras clave,@Claudiashein Buenos dias por que no hacen una en cuesta para que pongan cablebus de tlahuac a milpa alta por que asi habrÃ­a desahogo veicular poniendo cablebus abrÃ­a menos contaminacion la invitÃ³ Doctora cludia a que se de una vuelta ala horas del trÃ¡fico.Para que de su mejor opinion,0,0,0,1357430454337622016,Pedro,PedroRo39548619,2021-02-04 14:47:17,False,1,6,2021-11-29 07:37:09,2021,11,29,07,37,11,TlÃ¡huac,-99.0028216137,19.2769983772
1459888563479326732,trÃ¡nsito,palabras clave,"@llobet_ivan @aleretanab Jajaja sÃ­, gran parte de mi usencia de estres es lo rÃ¡pido que puede ser desde Tlahuac a comparaciÃ³n con todo el estrÃ©s que supone el trÃ¡fico hacia el centro. 
Desde que no hay metro salgo contadas veces y da gusto no estresarse cuando sucede.",1,0,0,1633724826,Filosoflow,elfilosoflow,2013-07-30 14:25:19,False,10409,1127,2021-11-14 08:18:51,2021,11,14,08,18,11,TlÃ¡huac,-99.0028216137,19.2769983772
1463252754994892802,trÃ¡nsito,coordenadas,"Inaudito que los fabricantes de armas pretendan evadir su responsabilidad en la muerte de civiles , es claro que detener el trÃ¡fico ilegal de arsenales pasa por ellos , el juicio apenas inicia https://t.co/kYujZard0B",10,0,5,105250833,Jaime LÃ³pez Vela,JAIMELOPEZVELA,2010-01-15 14:44:01,False,8425,7090,2021-11-23 15:06:57,2021,11,23,15,06,12,Tlalpan,-99.315748,19.087511
1463273366328987653,trÃ¡nsito,palabras clave,"@TlalpanVecinos @VCentroTl @Claudiashein @TlalpanAl @AA_DF @CESACT @TlalpanConscien QUIEN AVISO, QUIEN DIO PERMISO, DONDE SE VAN ESOS RECURSOS..AFECTADO TODO EL CENTRO DE TLALPAN POR FILMACION, COMO DE QUE O DE QUIEN??? COMENZAMOS MUY MAL!! TERRIBLE EL TRAFICO Y CONTAMINACION https://t.co/TusrU4I3vJ",2,2,2,261058542,Linda,Linda2306,2011-03-04 22:27:00,False,65,148,2021-11-23 16:28:51,2021,11,23,16,28,12,Tlalpan,-99.2062207957,19.1983396763
1462148640433229829,trÃ¡nsito,palabras clave,@OVIALCDMX @UCS_GCDMX @SSC_CDMX @OHarfuch @LaSEMOVI @C5_CDMX  @SSC_CDMX @VigimoviCDMX oficial de trÃ¡nsito E. JuÃ¡rez no infracciona a servicio de transporte particular haciendo base en lugar prohibido Calz.Tlalpan frente a metro general Anaya direcciÃ³n TaxqueÃ±a. https://t.co/gZiVMzEfx9,1,0,1,111805158,Izel Z,klausmx,2010-02-05 23:30:12,False,49,670,2021-11-20 13:59:35,2021,11,20,13,59,12,Tlalpan,-99.2062207957,19.1983396763
1461479300486639617,trÃ¡nsito,palabras clave,@LaSEMOVI @C5_CDMX  @SSC_CDMX  Servicio de transporte particular haciendo base en lugar prohibido y los agentes de trÃ¡nsito no los retiran o multan. Calz. Tlalpan frente a metro general Anaya direcciÃ³n TaxqueÃ±a Â¿PorquÃ©? A los demÃ¡s si nos infraccionan https://t.co/SpBO9KksvV,1,1,0,111805158,Izel Z,klausmx,2010-02-05 23:30:12,False,49,670,2021-11-18 17:39:52,2021,11,18,17,39,12,Tlalpan,-99.2062207957,19.1983396763
1459963041689309192,trÃ¡nsito,palabras clave,"@andreslajous Quita el paradero que toleras en vÃ­a primaria, provoca trÃ¡fico, contaminaciÃ³n e inseguridad. Calz. de Tlalpan frente al Mercado de las flores de San Fernando. Tlalpan.",3,0,0,183072178,JosefifÃ­,josemortiz31,2010-08-25 20:25:11,False,742,1212,2021-11-14 13:14:48,2021,11,14,13,14,12,Tlalpan,-99.2062207957,19.1983396763
1458942845398786048,trÃ¡nsito,palabras clave,@UCS_GCDMX TrÃ¡nsito pesado desde siempre es originado por tres pipas estacionadas en lugar prohibido. Es eje 6 ote pasando Tlalpan @BJAlcaldia #TransitoCDMX @072AvialCDMX https://t.co/6OABmRGQXz,0,1,0,1949701604,TipsmejorarDF,TipsmejorarDF,2013-10-09 11:08:26,False,606,202,2021-11-11 17:40:54,2021,11,11,17,40,12,Tlalpan,-99.2062207957,19.1983396763
1458447912958971905,trÃ¡nsito,palabras clave,"PrecauciÃ³n, trÃ¡nsito lento por incidente en Viaducto Tlalpan direcciÃ³n Norte, âš ğŸš—ğŸš•ğŸš™ğŸğŸš“ #SeguridadVialAUSUR",1,1,0,351623658,Autopista Urbana Sur,AUSurMx,2011-08-09 08:27:13,False,14436,295,2021-11-10 08:54:13,2021,11,10,08,54,12,Tlalpan,-99.2062207957,19.1983396763
1463252754994892802,trÃ¡nsito,coordenadas,"Inaudito que los fabricantes de armas pretendan evadir su responsabilidad en la muerte de civiles , es claro que detener el trÃ¡fico ilegal de arsenales pasa por ellos , el juicio apenas inicia https://t.co/kYujZard0B",10,0,5,105250833,Jaime LÃ³pez Vela,JAIMELOPEZVELA,2010-01-15 14:44:01,False,8425,7090,2021-11-23 15:06:57,2021,11,23,15,06,13,Xochimilco,-99.315748,19.087511
1464696348280770568,trÃ¡nsito,palabras clave,"PrecauciÃ³n, trÃ¡fico lento sobre la calzada NiÃ±os HÃ©roes direcciÃ³n al cerro del fortÃ­n, pasando los semÃ¡foros de las escaleras de Xochimilco. Bloqueado un carril ya que se cayeron varios bloques de hielo de la camioneta que los transportaba. https://t.co/wkpZu7qH5q",2,1,1,412483525,"CiÍ¥rÍ¬cÍ¨oÍ¦, mÍ«aÍ£rÍ¬oÍ¦mÍ«aÍ£ y tÍ­eÍ¤aÍ£tÍ­rÍ¬oÍ¦",criatura82,2011-11-14 13:04:38,False,3588,409,2021-11-27 14:43:16,2021,11,27,14,43,13,Xochimilco,-99.0903636045,19.2451450458
1464691954223046659,trÃ¡nsito,palabras clave,"#ReporteVial 
PrecauciÃ³n, trÃ¡fico lento sobre la calzada NiÃ±os HÃ©roes direcciÃ³n al cerro del fortÃ­n, pasando los semÃ¡foros de las escaleras de Xochimilco. Bloqueado un carril ya que se cayeron varios bloques de hielo de la camioneta que los transportaba.
#Oaxaca #Vialidad https://t.co/wzklfsAx0E",0,0,1,1327725772254175232,REPORTAJE INFORMATIVO OAXACA,REPVIALOAX,2020-11-14 15:31:15,False,1808,191,2021-11-27 14:25:49,2021,11,27,14,25,13,Xochimilco,-99.0903636045,19.2451450458
1462933847016890369,trÃ¡nsito,palabras clave,"@XochimilcoAl @JoseCarlosXoch @Claudiashein a quÃ© oficina de la AlcaldÃ­a puedo reportar el puesto ambulante que se pone los jueves en CuauhtÃ©moc esquina Abasolo Tepepan Xochimilco,cp 16020, ya no se puedo entrar y salir con mi carro, hay trÃ¡fico y al parecer solo estÃ¡n viendo quÃ© pasa con los vecinos",0,0,0,1153387230796353537,Yonivigur,yonivigur,2019-07-22 13:31:59,False,32,294,2021-11-22 17:59:43,2021,11,22,17,59,13,Xochimilco,-99.0903636045,19.2451450458
1463873398615031817,trÃ¡nsito,coordenadas,"Urge ponerle un alto a quienes usan el celular mientras manejan 'se exponen y exponen a un accidente'

EstÃ¡ prohibido en el reglamento de trÃ¡nsito https://t.co/xVPa46mA1W",2,1,1,242109258,LeÃ³n âŠ ğŸ‚ğŸš²ğŸ’¾,leoncsm,2011-01-23 17:56:11,False,962,1677,2021-11-25 08:13:10,2021,11,25,08,13,14,Benito JuÃ¡rez,-99.1919955,19.357102
1463183032383332372,trÃ¡nsito,coordenadas,"@alexvillac @Areyes2712 @colegiowilliams @BJAlcaldia @C5_CDMX @UCS_GCDMX @LaSEMOVI @SSC_CDMX @transito Exacto, es lo mismo. A fin de cuentas apartan lugares con objetos que estorban el arrollo. Lo cual estÃ¡ PROHIBIDO",0,0,0,100118442,Richy Richin jodonsin,ricardot_13,2009-12-28 21:11:21,False,315,926,2021-11-23 10:29:54,2021,11,23,10,29,14,Benito JuÃ¡rez,-99.1919955,19.357102
1458480819928977415,trÃ¡nsito,coordenadas,"@TapiaTury @Foro_TV Se culpa a los automovilistas porque tienen la culpa.

""Los ciclistas se pasan los altos""
Sorpresa, nos podemos pasar el alto de acuerdo al art 16 del reglamento de trÃ¡nsito. Nadie el reglamento antes de manejar, pobres vÃ­ctimas a las que siempre se les culpa.",20,0,0,242109258,LeÃ³n âŠ ğŸ‚ğŸš²ğŸ’¾,leoncsm,2011-01-23 17:56:11,False,962,1677,2021-11-10 11:04:59,2021,11,10,11,04,14,Benito JuÃ¡rez,-99.1919955,19.357102
1457033701720735756,trÃ¡nsito,coordenadas,"|ï¿£ï¿£ï¿£ï¿£ï¿£ï¿£ï¿£ï¿£ï¿£|
   âš¡ï¸Preparando la
 mitigaciÃ³n para el trÃ¡fico 
   y la contaminaciÃ³n 
|ï¼¿ï¼¿ï¼¿ï¼¿ï¼¿ï¼¿ï¼¿ï¼¿ï¼¿|

                  âˆ§_,,âˆ§ã€€ã€€ã€€ 
    ã€€   ã€€ (ãƒ»Ï‰ãƒ» )
   ï¼¿ï¼¿ ï¼¿â—‹ï¼¿ï¼¿ã¤ãƒ¾ï¼¿ _ _
 / ğŸš²ğŸšğŸšŒğŸš ğŸšƒğŸšğŸ›´ğŸš² /
|  ï¿£ï¿£ï¿£ï¿£ï¿£ï¿£ï¿£ï¿£ï¿£ï¿£ï¿£|",20,0,4,1916174244,Gus Jimenez,GusTransporte,2013-09-28 23:14:29,False,2600,957,2021-11-06 11:14:39,2021,11,06,11,14,14,Benito JuÃ¡rez,-99.1919955,19.357102
1462993916366630916,trÃ¡nsito,palabras clave,"@UCS_GCDMX @LaSEMOVI @OVIALCDMX favor de enviar Patrulla de trÃ¡nsito y ya que estos vehÃ­culos estÃ¡n estacionados en el lugar consignados del camiÃ³n y bicicletas y estÃ¡n en un lugar prohibido esto en Eugenia No.189 Col, Eugenia 189, Narvarte Oriente, Benito JuÃ¡rez, 03020 cdmx https://t.co/67UtTaBqUv",0,2,0,1452888272284356608,Baki-Eljusto,baki_eljusto,2021-10-26 00:42:20,False,0,48,2021-11-22 21:58:25,2021,11,22,21,58,14,Benito JuÃ¡rez,-99.1611346584,19.3806424162
1461916002204233729,trÃ¡nsito,palabras clave,"@UCS_GCDMX @OVIALCDMX @LaSEMOVI favor de enviar Patrulla de trÃ¡nsito a retirar estos vehÃ­culos estacionados en lugar prohibido ya que tengo entendido que no se puede estacionar ahÃ­ esto en Municipio Libre 143, Portales Nte, Benito JuÃ¡rez, 03300 Ciudad de MÃ©xico, CDMX https://t.co/XhX0taMHDC",0,2,0,1452888272284356608,Baki-Eljusto,baki_eljusto,2021-10-26 00:42:20,False,0,48,2021-11-19 22:35:10,2021,11,19,22,35,14,Benito JuÃ¡rez,-99.1611346584,19.3806424162
1461554360689823749,trÃ¡nsito,palabras clave,"@UCS_GCDMX @LaSEMOVI @OVIALCDMX @PoderAG_BJ @supercivicosmx Favor de enviar Patrulla de trÃ¡nsito a retirar estos vehÃ­culos estacionados en Gral. Emiliano Zapata 111, Portales Nte, Benito JuÃ¡rez, 03300 Ciudad de MÃ©xico, Cdmx
Tengo entendido que esta prohibido estacionarse ahÃ­ https://t.co/MRZJiuJSNw",0,2,0,1452888272284356608,Baki-Eljusto,baki_eljusto,2021-10-26 00:42:20,False,0,48,2021-11-18 22:38:08,2021,11,18,22,38,14,Benito JuÃ¡rez,-99.1611346584,19.3806424162
1461065549408915457,trÃ¡nsito,palabras clave,"ğ—Ÿğ—¢ğ—¦ ğ— ğ—¢ğ—–ğ—›ğ—œğ—¦
     âš ï¸âš ï¸PRECAUCIÃ“NğŸš¨ğŸš¨
Accidente de trÃ¡nsito con lesionados en NiÃ±os Heroes, entre lic. Benito JuÃ¡rez, col. Centro.
        Â¡Â¡Â¡Circule con PrecauciÃ³n!!!
 @sspsinaloa1 #vialidad #c4isinaloa #911emergencias #MpioAhome #ssp #sesesp",0,0,0,1071082964958625792,C4i Sinaloa,C4iSinaloa,2018-12-07 10:44:13,False,7103,82,2021-11-17 14:15:46,2021,11,17,14,15,14,Benito JuÃ¡rez,-99.1611346584,19.3806424162
1461023814901547012,trÃ¡nsito,palabras clave,"AtenciÃ³nâš ï¸

Se registra trÃ¡fico denso en los siguientes puntos:

ğŸ“Calz. Independencia y av. RevoluciÃ³n, en #GDL
ğŸ“Av. Benito JuÃ¡rez y 8 de Julio
ğŸ“Av. De las AmÃ©ricas y av. Pablo Neruda, en #Zapopan

Circule con precauciÃ³n. https://t.co/8iPLqN3kLm",9,1,2,1095746034775572481,PolicÃ­a Vial Jalisco,JaliscoVial,2019-02-13 12:06:27,False,54912,39,2021-11-17 11:29:56,2021,11,17,11,29,14,Benito JuÃ¡rez,-99.1611346584,19.3806424162
1460038525362057217,trÃ¡nsito,palabras clave,"@Aeromexico  @AM_Escucha dentro de su mediocridad responsabiliza al aeropuerto Benito Juarez  segun ellos ""alto trafico""   
De risa",0,0,0,82692118,Sergio Damian Munoz,sdmunoz78,2009-10-15 13:26:52,False,27,224,2021-11-14 18:14:45,2021,11,14,18,14,14,Benito JuÃ¡rez,-99.995232,16.684013
1459543911387611140,trÃ¡nsito,palabras clave,"Conduzca con precauciÃ³n. Accidente de trÃ¡nsito, Colonia Bienestar Social; Av Benito JuÃ¡rez y Calle Pino SuÃ¡rez. #TuxtlaGutiÃ©rrez #Chiapas #911Emergencias",1,0,0,782303796428877824,911Chiapas,911chiapas,2016-10-01 13:38:54,False,9199,194,2021-11-13 09:29:20,2021,11,13,09,29,14,Benito JuÃ¡rez,-99.1611346584,19.3806424162
1458130549390729217,trÃ¡nsito,palabras clave,"#ReporteZMG AsÃ­ se encuentra la circulaciÃ³n sobre avenida Tonaltecas y calle Benito JuÃ¡rez, conduzca con precauciÃ³n https://t.co/ecxv3UHvEv",10,0,0,263809798,TrÃ¡ficoZMGuadalajara,Trafico_ZMG,2011-03-10 13:48:34,False,1067171,385,2021-11-09 11:53:08,2021,11,09,11,53,14,Benito JuÃ¡rez,-99.1611346584,19.3806424162
1464379371574206468,trÃ¡nsito,coordenadas,"@jorgeelbecerro @BiciSoluciones Claro que estÃ¡s infringiendo la ley al ir conduciendo con tu celular en la mano en uso.
Reglamento de trÃ¡nsito artÃ­culo 38. EstÃ¡ prohibido usar el telÃ©fono celular o cualquier dispositivo de comunicaciÃ³n mientras el auto permanezca en movimiento
La multa $1,792-$2,688 pesos
Tonto",1,1,0,29755230,Gaby HernÃ¡ndez,sgabyhdz,2009-04-08 10:34:05,False,706,1739,2021-11-26 17:43:43,2021,11,26,17,43,15,CuauhtÃ©moc,-99.1843501,19.3998346
1461920010432094209,trÃ¡nsito,coordenadas,"@Claudiashein , @OHarfuch de la manera mÃ¡s atenta les pido hagan algo con la vialidad de fray Servando y boulevard puerto aÃ©reo, es un problema de vialidad en la zona, su obra provoca mÃ¡s trÃ¡fico y obviamente mÃ¡s contaminaciÃ³n.urgen elementos de vialidad!!!",0,0,0,1295570990668316677,Rocky,Res82599611,2020-08-17 21:59:40,False,381,850,2021-11-19 22:51:06,2021,11,19,22,51,15,CuauhtÃ©moc,-99.128294,19.4043522
1458087256158359560,trÃ¡nsito,coordenadas,"Considero que la paja en ayunas deberÃ­a ser algo obligatorio. 
Ayuda a convatir el estrÃ©s del trÃ¡fico citadino",1,0,0,1422220829966884867,PAKITO PONCE ğŸğŸ”¥ğŸŒŸ,ponce_pakito,2021-08-02 09:43:53,False,149,900,2021-11-09 09:01:06,2021,11,09,09,01,15,CuauhtÃ©moc,-99.128294,19.4043522
1456340713277464582,trÃ¡nsito,coordenadas,"@Claudiashein @Bomberos_CDMX @SSC_CDMX SerÃ­a magnÃ­fico que atendieran tambiÃ©n la otra emergencia: el trÃ¡fico de animales, ILEGAL pero PROTEGIDO.",162,5,29,138731801,KirÃ©n Miret,kmiret,2010-04-30 06:22:32,True,73410,1548,2021-11-04 13:20:58,2021,11,04,13,20,15,CuauhtÃ©moc,-99.128294,19.4043522
1465128329565163521,trÃ¡nsito,palabras clave,"@Alejand80395822 @5antaMerlina @chinamarihuana @Claudiashein @martibatres @OHarfuch @C5_CDMX @UCS_GCDMX @OVIALCDMX @karlaiberia @DeniseMaerker @laucasillas @LuisCardenasMx @fmonterrosa @Reforma @PRD_CDMX Vaya, vaya, el exdelegado de CuauhtÃ©moc sufriendo amnesia, primero seÃ±or, estÃ¡ prohibido estacionar autos en las banquetas, mÃ¡s en vÃ­as primarias, pÃ³ngase a leer el Reglamento de TrÃ¡nsito, y lo ud. pide NUNCA lo hizo como delegado. Por eso perdiÃ³ el PRD la CuauhtÃ©moc.",1,1,3,1604299778,Gustavo A. Estrella,estrella_gus,2013-07-18 14:41:26,False,1845,1354,2021-11-28 19:19:49,2021,11,28,19,19,15,CuauhtÃ©moc,-99.1490557562,19.4313734294
1462933847016890369,trÃ¡nsito,palabras clave,"@XochimilcoAl @JoseCarlosXoch @Claudiashein a quÃ© oficina de la AlcaldÃ­a puedo reportar el puesto ambulante que se pone los jueves en CuauhtÃ©moc esquina Abasolo Tepepan Xochimilco,cp 16020, ya no se puedo entrar y salir con mi carro, hay trÃ¡fico y al parecer solo estÃ¡n viendo quÃ© pasa con los vecinos",0,0,0,1153387230796353537,Yonivigur,yonivigur,2019-07-22 13:31:59,False,32,294,2021-11-22 17:59:43,2021,11,22,17,59,15,CuauhtÃ©moc,-99.1490557562,19.4313734294
1462912178390974468,trÃ¡nsito,palabras clave,"â¦@OVIALCDMXâ© â¦@UCS_GCDMXâ© Nuevamente av. CuauhtÃ©moc entre parroquia y popocatepetl estacionados en lugar prohibido haciendo trÃ¡fico, no entienden https://t.co/NMpwXfRM2C",5,3,3,981782118,JuanMa ğŸ‡²ğŸ‡½ el bot y foca aplaudidora inmunizado,MaNitojua,2012-11-30 22:07:54,False,333,215,2021-11-22 16:33:37,2021,11,22,16,33,15,CuauhtÃ©moc,-99.1490557562,19.4313734294
1461003596166836232,trÃ¡nsito,palabras clave,@transito_CDMX @SSPCMexico @UCS_GCDMX Favor de apoyar para retirar carros en segunda fila y en lugar prohibido y apartado de lugares en doctor Pascua entre doctor Balmis y CuauhtÃ©moc siempre es lo mismo y la policÃ­a omite sancionar a franeleros https://t.co/7nFJ6h8j4Q,0,1,0,1948683068,Cesar Castaneda,Luckastaneda,2013-10-08 23:48:27,False,32,145,2021-11-17 10:09:36,2021,11,17,10,09,15,CuauhtÃ©moc,-99.1490557562,19.4313734294
1460786941658550277,trÃ¡nsito,palabras clave,"@OVIALCDMX @UCS_GCDMX Favor de quitar autos estacionados en av. CuauhtÃ©moc entre parroquia y popocatepetl tidis lis dias desde la 1 a las 9 estÃ¡n en lugar prohibido, haciendo mÃ¡s trÃ¡fico https://t.co/vrzYtzX4s6",1,2,0,981782118,JuanMa ğŸ‡²ğŸ‡½ el bot y foca aplaudidora inmunizado,MaNitojua,2012-11-30 22:07:54,False,333,215,2021-11-16 19:48:41,2021,11,16,19,48,15,CuauhtÃ©moc,-99.1490557562,19.4313734294
1456500218132901889,trÃ¡nsito,palabras clave,"AsÃ­ arrollaron a un PolicÃ­a #CDMX en calles de la Col Morelos !!! ğŸ“²ğŸ‘‡ğŸ» alcaldÃ­a CuauhtÃ©moc, el conductor de un Audi se llevÃ³ en el cofre del automÃ³vil al elemento de trÃ¡nsito que le marcÃ³ el alto por agredir a una mujer.(video) https://t.co/gI0eZQgNsn",0,0,0,141281940,@ALTERNATIVAVIALFace,ALTERNATIVAVIAL,2010-05-07 11:19:59,False,13714,9911,2021-11-04 23:54:47,2021,11,04,23,54,15,CuauhtÃ©moc,-99.1490557562,19.4313734294
1455580572961681412,trÃ¡nsito,palabras clave,"En la colonia Morelos, en la alcaldÃ­a CuauhtÃ©moc, el conductor de un Audi se llevÃ³ en el cofre del automÃ³vil a un policÃ­a de trÃ¡nsito que le marcÃ³ el alto por agredir a una mujer. https://t.co/96QDRGgRUW",119,5,68,69334913,LuisCardenasMX,LuisCardenasMx,2009-08-27 10:30:05,True,206950,8156,2021-11-02 11:00:26,2021,11,02,11,00,15,CuauhtÃ©moc,-99.1490557562,19.4313734294
1455549759889068034,trÃ¡nsito,palabras clave,"El conductor de un automÃ³vil Audi se llevÃ³ en el cofre a un policÃ­a de trÃ¡nsito que le marcÃ³ el alto por agredir a una mujer en la colonia Morelos, en la alcaldÃ­a #CuauhtÃ©moc, de la #CDMX: https://t.co/GYHGLwJ6uM",96,4,41,1935742783,Ciro GÃ³mez Leyva,CiroGomezL,2013-10-04 16:52:06,True,1668023,366,2021-11-02 08:58:00,2021,11,02,08,58,15,CuauhtÃ©moc,-99.1490557562,19.4313734294
1455466756747694085,trÃ¡nsito,palabras clave,"Conduzca con precauciÃ³n, reportan accidente de trÃ¡nsito en Barrio San Antonio Abad; C. 5 de Febrero entre CuauhtÃ©moc y Ãngel Albino Corzo. #ChiapaDeCorzo #Chiapas #911Emergencias.",1,0,0,782303796428877824,911Chiapas,911chiapas,2016-10-01 13:38:54,False,9199,194,2021-11-02 03:28:10,2021,11,02,03,28,15,CuauhtÃ©moc,-99.1490557562,19.4313734294
1455395701811257344,trÃ¡nsito,palabras clave,"El conductor de un automÃ³vil Audi se llevÃ³ en el cofre a un policÃ­a de trÃ¡nsito que le marcÃ³ el alto por agredir a una mujer en la colonia Morelos, en la alcaldÃ­a #CuauhtÃ©moc, de la #CDMX: https://t.co/MfceCgDe4Q",145,6,36,1935742783,Ciro GÃ³mez Leyva,CiroGomezL,2013-10-04 16:52:06,True,1668023,366,2021-11-01 22:45:49,2021,11,01,22,45,15,CuauhtÃ©moc,-99.1490557562,19.4313734294
1464379371574206468,trÃ¡nsito,coordenadas,"@jorgeelbecerro @BiciSoluciones Claro que estÃ¡s infringiendo la ley al ir conduciendo con tu celular en la mano en uso.
Reglamento de trÃ¡nsito artÃ­culo 38. EstÃ¡ prohibido usar el telÃ©fono celular o cualquier dispositivo de comunicaciÃ³n mientras el auto permanezca en movimiento
La multa $1,792-$2,688 pesos
Tonto",1,1,0,29755230,Gaby HernÃ¡ndez,sgabyhdz,2009-04-08 10:34:05,False,706,1739,2021-11-26 17:43:43,2021,11,26,17,43,16,Miguel Hidalgo,-99.1843501,19.3998346
1464609699073081350,trÃ¡nsito,palabras clave,"@MHcesac @mauriciotabe @UCS_GCDMX Ja, ja, ja. Â¿Ahora lo batean a trÃ¡nsito?.  Ustedes  siempre eluden sus responsabilidades. Es un tema de seguridad, de maltrato a inmuebles de la Miguel Hidalgo, de acoso sexual, de accesos, de vialidad, de higiene , ruido, de respeto a mujeres y niÃ±as, ingesta de alcohol.",0,0,1,3326985432,Stop Tourist Abuse,StopTouristAbus,2015-08-23 12:58:35,False,4129,1869,2021-11-27 08:58:58,2021,11,27,08,58,16,Miguel Hidalgo,-99.2045669144,19.4280623649
1461079730409586702,trÃ¡nsito,palabras clave,"AtenciÃ³nâš ï¸

Se registra trÃ¡fico denso en los siguientes puntos:

ğŸ“Av. De las AmÃ©ricas y av. LÃ³pez Mateos, en #GDL.
ğŸ“Av. Miguel Hidalgo y calz. Independencia.
ğŸ“Av. TonalÃ¡ y carr. A Los Altos, en #TonalÃ¡

Circule con precauciÃ³n. https://t.co/lTZAwqJFTU",5,5,2,1095746034775572481,PolicÃ­a Vial Jalisco,JaliscoVial,2019-02-13 12:06:27,False,54912,39,2021-11-17 15:12:07,2021,11,17,15,12,16,Miguel Hidalgo,-99.2045669144,19.4280623649
1465456263379275779,trÃ¡nsito,coordenadas,"ğŸ’¥ğŸ’«A manejar con precauciÃ³n ya que hay trÃ¡nsito lento direcciÃ³n a la CDMX ğŸ¥ºğŸ’¥

https://t.co/gJ81vkVUJp en Carretera Mexico PeÃ±Ã³n Texcoco https://t.co/GQS3YVDYJ0",0,0,0,273798295,Jul's,JCESAR8411,2011-03-28 23:30:43,False,155,1269,2021-11-29 17:02:54,2021,11,29,17,02,17,Venustiano Carranza,-99.05023974,19.45285872
1464379371574206468,trÃ¡nsito,coordenadas,"@jorgeelbecerro @BiciSoluciones Claro que estÃ¡s infringiendo la ley al ir conduciendo con tu celular en la mano en uso.
Reglamento de trÃ¡nsito artÃ­culo 38. EstÃ¡ prohibido usar el telÃ©fono celular o cualquier dispositivo de comunicaciÃ³n mientras el auto permanezca en movimiento
La multa $1,792-$2,688 pesos
Tonto",1,1,0,29755230,Gaby HernÃ¡ndez,sgabyhdz,2009-04-08 10:34:05,False,706,1739,2021-11-26 17:43:43,2021,11,26,17,43,17,Venustiano Carranza,-99.1843501,19.3998346
1461920010432094209,trÃ¡nsito,coordenadas,"@Claudiashein , @OHarfuch de la manera mÃ¡s atenta les pido hagan algo con la vialidad de fray Servando y boulevard puerto aÃ©reo, es un problema de vialidad en la zona, su obra provoca mÃ¡s trÃ¡fico y obviamente mÃ¡s contaminaciÃ³n.urgen elementos de vialidad!!!",0,0,0,1295570990668316677,Rocky,Res82599611,2020-08-17 21:59:40,False,381,850,2021-11-19 22:51:06,2021,11,19,22,51,17,Venustiano Carranza,-99.128294,19.4043522
1458087256158359560,trÃ¡nsito,coordenadas,"Considero que la paja en ayunas deberÃ­a ser algo obligatorio. 
Ayuda a convatir el estrÃ©s del trÃ¡fico citadino",1,0,0,1422220829966884867,PAKITO PONCE ğŸğŸ”¥ğŸŒŸ,ponce_pakito,2021-08-02 09:43:53,False,149,900,2021-11-09 09:01:06,2021,11,09,09,01,17,Venustiano Carranza,-99.128294,19.4043522
1456340713277464582,trÃ¡nsito,coordenadas,"@Claudiashein @Bomberos_CDMX @SSC_CDMX SerÃ­a magnÃ­fico que atendieran tambiÃ©n la otra emergencia: el trÃ¡fico de animales, ILEGAL pero PROTEGIDO.",162,5,29,138731801,KirÃ©n Miret,kmiret,2010-04-30 06:22:32,True,73410,1548,2021-11-04 13:20:58,2021,11,04,13,20,17,Venustiano Carranza,-99.128294,19.4043522
1463169527743664143,trÃ¡nsito,palabras clave,"Lateral de Venustiano Carranza y 16 de septiembre.
Unidad de carga pesada atorada de sur a norte. 
TrÃ¡fico pesado. Extreme #PrecauciÃ³n https://t.co/buedgWxeog",11,0,5,882637993890246656,ProtecciÃ³n Civil NL,PC_NuevoLeon,2017-07-05 10:31:11,False,55839,400,2021-11-23 09:36:14,2021,11,23,09,36,17,Venustiano Carranza,-99.0931057959,19.4304954545
1461711181589073925,trÃ¡nsito,palabras clave,"@MovilidadZap @InspZapopan buen dia para reportar instalaciÃ³n de dos puestos de comida sobre la calle de copalita entre Juan Gil Preciado y venustiano carranza en la Col vicente guerrero, ya que estÃ¡ via es doble sentido y esto provoca acumulaciÃ³n de trÃ¡fico",0,2,0,1285924366358896641,RICARDO PEÃ‘A LÃ“PEZ,RICARDOPEALPEZ2,2020-07-22 07:07:29,False,19,39,2021-11-19 09:01:17,2021,11,19,09,01,17,Venustiano Carranza,-99.0931057959,19.4304954545
1456466329809137676,incendio,coordenadas,"@VicenteFoxQue Lo que falta, que el alto vacÃ­o culpe a la jefa de Gobierno por el incendio del mercado de Sonora. https://t.co/atcitG03rB",0,0,0,3299720886,SinNombre,ChibyNavy,2015-07-28 12:22:59,False,1970,4982,2021-11-04 21:40:07,2021,11,04,21,40,2,Azcapotzalco,-99.221136,19.456367
1455353525576163329,incendio,coordenadas,"@Tuitzilopochtli Si lo creamos, al menos tantito humo si vuela alto ese difunto â˜ï¸ğŸ˜‘",1,0,1,233977455,IvÃ¡n GutiÃ©rrez LÃ³pez,doctorgurma,2011-01-04 09:24:19,False,1600,460,2021-11-01 19:58:14,2021,11,01,19,58,2,Azcapotzalco,-99.180678,19.444937
1461887179626618889,incendio,palabras clave,"#PrecauciÃ³n ğŸ”¥ Servicios de emergencia trabajando por incendio de basura en la colonia Centro de Azcapotzalco, @AzcapotzalcoMx. 

#911CDMX
#C5 https://t.co/1U7VaWfETK",44,0,13,195951901,C5 CDMX,C5_CDMX,2010-09-27 17:51:04,True,926200,763,2021-11-19 20:40:38,2021,11,19,20,40,2,Azcapotzalco,-99.1821069423,19.4853286147
1457446142204071938,incendio,palabras clave,PRECAUCIÃ“N: Clavelinas y Brezo en Azcapotzalco lesionado por arma de fuego. Estamos en el lugar https://t.co/vmmgZtYqma,33,0,5,87350793,SUUMA Voluntarios ğŸš‘,SUUMA_CDMX,2009-11-03 21:07:26,False,43177,86,2021-11-07 14:33:32,2021,11,07,14,33,2,Azcapotzalco,-99.1821069423,19.4853286147
1457022925836533764,incendio,coordenadas,@inveacdmx en dicha fÃ¡brica trabajan a muy altas horas de noche y el ruido es muy fuerte aparte ya existiÃ³ un antecedente de incendio que lamentable fallecieron dos personas favor de atender a modo de evitar una tragedia mÃ¡s!!! En @IztacalcoAl https://t.co/tOhG9O7Kom,0,0,0,1349025136373018626,ğ‘±ğ‘¶ğ‘ºğ‘¬ ğ‘´ğ‘ª,Jos94748891,2021-01-12 10:07:22,False,76,380,2021-11-06 10:31:50,2021,11,06,10,31,3,CoyoacÃ¡n,-99.140238,19.2846922
1463262596212183040,incendio,palabras clave,"#ULTIMAHORA Reportar incendio en un predio de la colonia Ajusco CoyoacÃ¡n. Equipos de emergencia se desplazan al lugar. ğŸš‘
@NoticiasImagen https://t.co/695KelLitm",8,0,3,493476472,EfrÃ©n ArgÃ¼elles.,efrenarguelles,2012-02-15 14:58:37,False,17370,2512,2021-11-23 15:46:03,2021,11,23,15,46,3,CoyoacÃ¡n,-99.1503763525,19.3266672536
1463255107131351041,incendio,palabras clave,"PrecauciÃ³n en la zona #PrecauciÃ³nVial | Servicios de emergencias acuden a Rey Hueman y Av. Aztecas, col. Ajusco, alcladÃ­a CoyoacÃ¡n, por #incendio https://t.co/D6xOqSSuSz",2,0,0,913590193415888896,Monroe,negrita_azucar,2017-09-28 20:24:10,False,368,1021,2021-11-23 15:16:18,2021,11,23,15,16,3,CoyoacÃ¡n,-99.1503763525,19.3266672536
1463254956945723394,incendio,palabras clave,"Â¡PrecauciÃ³n! Debido a un #incendio, servicios de emergencias se dirigen a Rey Hueman y Av. Aztecas, col. Ajusco, alcaldÃ­a CoyoacÃ¡n.",6,0,2,40098528,Radio TrÃ¡fico Total,trafico889,2009-05-14 16:06:13,True,897302,69,2021-11-23 15:15:42,2021,11,23,15,15,3,CoyoacÃ¡n,-99.1503763525,19.3266672536
1456466329809137676,incendio,coordenadas,"@VicenteFoxQue Lo que falta, que el alto vacÃ­o culpe a la jefa de Gobierno por el incendio del mercado de Sonora. https://t.co/atcitG03rB",0,0,0,3299720886,SinNombre,ChibyNavy,2015-07-28 12:22:59,False,1969,4982,2021-11-04 21:40:07,2021,11,04,21,40,5,Gustavo A. Madero,-99.221136,19.456367
1455353525576163329,incendio,coordenadas,"@Tuitzilopochtli Si lo creamos, al menos tantito humo si vuela alto ese difunto â˜ï¸ğŸ˜‘",1,0,1,233977455,IvÃ¡n GutiÃ©rrez LÃ³pez,doctorgurma,2011-01-04 09:24:19,False,1601,460,2021-11-01 19:58:14,2021,11,01,19,58,5,Gustavo A. Madero,-99.180678,19.444937
1456605755704954887,incendio,palabras clave,"ğŸ“#Ahora | La DirecciÃ³n de Medio Ambiente, iniciara una denuncia  contra el sospechoso aprendido el dÃ­a de ayer en la Laguna Alalay, quien intento provocar un incendio en el sector. 
#AlcaldÃ­aInforma https://t.co/L2mmTombqy",1,1,1,2992214009,AlcaldÃ­a de Cochabamba,gam_cochabamba,2015-01-22 08:43:32,False,6743,480,2021-11-05 06:54:09,2021,11,05,06,54,5,Gustavo A. Madero,-99.1158642087,19.5040652077
1460739873128677379,incendio,palabras clave,"Â¡PrecauciÃ³n! Debido a un #incendio, servicios de emergencia trabajan en la colonia Gabriel Ramos MillÃ¡n, alcaldÃ­a Iztacalco.",1,0,1,40098528,Radio TrÃ¡fico Total,trafico889,2009-05-14 16:06:13,True,897302,69,2021-11-16 16:41:39,2021,11,16,16,41,6,Iztacalco,-99.0943297970,19.3969118970
1457022925836533764,incendio,coordenadas,@inveacdmx en dicha fÃ¡brica trabajan a muy altas horas de noche y el ruido es muy fuerte aparte ya existiÃ³ un antecedente de incendio que lamentable fallecieron dos personas favor de atender a modo de evitar una tragedia mÃ¡s!!! En @IztacalcoAl https://t.co/tOhG9O7Kom,0,0,0,1349025136373018626,ğ‘±ğ‘¶ğ‘ºğ‘¬ ğ‘´ğ‘ª,Jos94748891,2021-01-12 10:07:22,False,76,380,2021-11-06 10:31:50,2021,11,06,10,31,7,Iztapalapa,-99.140238,19.2846922
1464675740310544389,incendio,palabras clave,"Denuncia de predio habitacional para otros fines. Los vecinos estamos hartos del ruido, humo y polvo que generan diario los camiones y materiales que aquÃ­ se guardan. Su apoyo e intervenciÃ³n @PAOTmx @UCS_GCDMX @Alc_Iztapalapa en Av. TlÃ¡huac 3186 Colonia Sta. MarÃ­a TomatlÃ¡n https://t.co/hb8stPFuDh",0,1,0,183071580,Eme Zeta,Mar_Zamor,2010-08-25 20:23:18,False,171,396,2021-11-27 13:21:23,2021,11,27,13,21,7,Iztapalapa,-99.0567989642,19.3491663204
1462437197764775941,incendio,palabras clave,"#PrecauciÃ³nâš ï¸ Se registra incendio de casa habitaciÃ³n en la colonia Santiago Acahualtepec 2da AmpliaciÃ³n, @Alc_Iztapalapa. 

Equipos de emergencia ğŸš’ se dirigen a la zona. 

â˜ï¸#911CDMX 
ğŸ“¹#C5 https://t.co/EBsVv0K4a4",46,0,17,195951901,C5 CDMX,C5_CDMX,2010-09-27 17:51:04,True,926200,763,2021-11-21 09:06:13,2021,11,21,09,06,7,Iztapalapa,-99.0567989642,19.3491663204
1461498474252230656,incendio,palabras clave,"#PrecauciÃ³n ğŸ”¥ Servicios de emergencia de aproximan a sofocar incendio en casa habitaciÃ³n en la colonia Valle de San Lorenzo, @Alc_Iztapalapa. 

ğŸ“ #911CDMX
ğŸ“¹ #C5",9,0,4,195951901,C5 CDMX,C5_CDMX,2010-09-27 17:51:04,True,926200,763,2021-11-18 18:56:04,2021,11,18,18,56,7,Iztapalapa,-99.0567989642,19.3491663204
1461054798636240904,incendio,palabras clave,"âš ï¸#PrecauciÃ³n Servicios de emergencia brindan apoyo por incendio de basura en Central de Abasto, @Alc_Iztapalapa.
â˜ï¸#911CDMX 
ğŸ“¹#C5",14,0,3,195951901,C5 CDMX,C5_CDMX,2010-09-27 17:51:04,True,926200,763,2021-11-17 13:33:03,2021,11,17,13,33,7,Iztapalapa,-99.0567989642,19.3491663204
1460123021381750784,incendio,palabras clave,@C5_CDMX fiesta en la unidad fuerte de loreto iztapalapa entre eje 5 y fuerte de Loreto venta ilegal de alcohol y drogas ademas algunos portan armas de fuego los policias en sus rondines no hacen nada incluso se les ha visto conviviendo con ellos esto lo hacen cada 8 dias,0,1,0,82157432,Boris Paquito,Borispaquito,2009-10-13 12:27:09,False,30,409,2021-11-14 23:50:30,2021,11,14,23,50,7,Iztapalapa,-99.0567989642,19.3491663204
1459654082256375808,incendio,palabras clave,"âš ï¸#PrecauciÃ³nğŸš¨Servicios de emergencia laborando en ğŸ”¥ğŸ¡incendio en casa habitaciÃ³n en la colonia EjÃ©rcito de Oriente Zona PeÃ±Ã³n, @Alc_Iztapalapa.

#911CDMX #C5",12,0,6,195951901,C5 CDMX,C5_CDMX,2010-09-27 17:51:04,True,926200,763,2021-11-13 16:47:06,2021,11,13,16,47,7,Iztapalapa,-99.0567989642,19.3491663204
1456840899141439489,incendio,palabras clave,"@Denuncia_Iztapa En estos momentos en la colonia ampliaciÃ³n Bellavista, alcaldÃ­a Iztapalapa, en la segunda privada, hay una fiesta y estÃ¡n tirando balazos, ya van tres descargas de arma de fuego. Pedimos el apoyo de las autoridades para que hagan algo.",0,0,0,1498549524,Carlo Alvarez Castil,CarloAlvarezC,2013-06-10 09:24:35,False,26,195,2021-11-05 22:28:31,2021,11,05,22,28,7,Iztapalapa,-99.0567989642,19.3491663204
1456689877412683784,incendio,palabras clave,"âš ï¸#PrecauciÃ³n ğŸš’ Servicios de emergencia se dirigen a brindar apoyo por incendio ğŸ”¥de casa-habitaciÃ³n en colonia La Planta, @Alc_Iztapalapa.
 â˜ï¸#911CDMX 
ğŸ“¹#C5 https://t.co/Rg53idwvOF",18,0,3,195951901,C5 CDMX,C5_CDMX,2010-09-27 17:51:04,True,926200,763,2021-11-05 12:28:25,2021,11,05,12,28,7,Iztapalapa,-99.0567989642,19.3491663204
1456099102790459393,incendio,palabras clave,"En seguimiento a una denuncia ciudadana, efectivos de la #SSC detuvieron a un joven en posesiÃ³n de un arma de fuego y varias dosis de posible cocaÃ­na, en la @Alc_Iztapalapa. https://t.co/RkeGh9HQ98 https://t.co/seKtPSKMYF",25,0,2,62844209,SSC CDMX,SSC_CDMX,2009-08-04 09:22:31,True,2294461,122,2021-11-03 21:20:53,2021,11,03,21,20,7,Iztapalapa,-99.0567989642,19.3491663204
1455771585055498245,incendio,palabras clave,"#PrecauciÃ³nğŸš¨ğŸ”¥Servicios de emergencia trabajan por incendio de casa habitaciÃ³n en la colonia Palmitas, @Alc_Iztapalapa.

Â¡En caso de emergencia marca al #911CDMX! ğŸ“²

#C5 ğŸ“¹",21,0,3,195951901,C5 CDMX,C5_CDMX,2010-09-27 17:51:04,True,926200,763,2021-11-02 23:39:27,2021,11,02,23,39,7,Iztapalapa,-99.0567989642,19.3491663204
1455742759751520267,incendio,palabras clave,"Detonaciones de arma de fuego , es la quinta denuncia que hago y nunca llegan las patrullas , esto en dÃ©cimo callejÃ³n de pachicalco 72 , alcaldÃ­a Iztapalapa , sn ignacio, metanse hasta el fondo del callejÃ³n @SSC_CDMX @UCS_GCDMX @Alc_Iztapalapa @ClaraBrugadaM",3,2,4,3074119215,Arturo Aguilar,arturo_guima,2015-03-05 22:56:21,False,0,11,2021-11-02 21:44:54,2021,11,02,21,44,7,Iztapalapa,-99.0567989642,19.3491663204
1455610513795264514,incendio,palabras clave,"âš ï¸#PrecauciÃ³n Servicios de emergencia trabajan por incendio de casa-habitaciÃ³n en la colonia San Miguel Teotongo, @Alc_Iztapalapa. https://t.co/ewlgJWxlJe",0,0,0,771779820,Central Municipal,Central_CM,2012-08-21 10:10:16,False,34905,24853,2021-11-02 12:59:25,2021,11,02,12,59,7,Iztapalapa,-99.0567989642,19.3491663204
1455606908711211017,incendio,palabras clave,"âš ï¸#PrecauciÃ³n Servicios de emergencia trabajan por incendio de casa-habitaciÃ³n en la colonia San Miguel Teotongo, @Alc_Iztapalapa.
â˜ï¸#911CDMX 
ğŸ“¹#C5 https://t.co/1vNz5GAMwJ",44,0,9,195951901,C5 CDMX,C5_CDMX,2010-09-27 17:51:04,True,926200,763,2021-11-02 12:45:05,2021,11,02,12,45,7,Iztapalapa,-99.0567989642,19.3491663204
1455349444245868547,incendio,palabras clave,"@SEDEMA_CDMX tengo una denuncia el dÃ­a sÃ¡bado se incendio un predio de paracaidistas que se encuentra en playa hornos esquina eje 6 alcaldÃ­a Iztapalapa, el cual resulto afectado y  ahora dejaron los escombros  donde lo reporto https://t.co/3FNl9rXD8x",0,2,0,904923311745884160,Soreim,Soreimcouture,2017-09-04 22:25:04,False,15,211,2021-11-01 19:42:01,2021,11,01,19,42,7,Iztapalapa,-99.0567989642,19.3491663204
1456312295311675393,incendio,coordenadas,"Fuerte incendio en el mercado de Sonora, Bomberos de la EstaciÃ³n Central y otras estaciones laborando. PrecauciÃ³n https://t.co/zq40vdo5uZ",32,2,13,745263602,Condorelampago312,luismiguelbaraa,2012-08-08 08:08:02,False,35168,1086,2021-11-04 11:28:02,2021,11,04,11,28,8,La Magdalena Contreras,-99.315748,19.087511
1456312295311675393,incendio,coordenadas,"Fuerte incendio en el mercado de Sonora, Bomberos de la EstaciÃ³n Central y otras estaciones laborando. PrecauciÃ³n https://t.co/zq40vdo5uZ",32,2,13,745263602,Condorelampago312,luismiguelbaraa,2012-08-08 08:08:02,False,35167,1086,2021-11-04 11:28:02,2021,11,04,11,28,9,Milpa Alta,-99.315748,19.087511
1464675740310544389,incendio,palabras clave,"Denuncia de predio habitacional para otros fines. Los vecinos estamos hartos del ruido, humo y polvo que generan diario los camiones y materiales que aquÃ­ se guardan. Su apoyo e intervenciÃ³n @PAOTmx @UCS_GCDMX @Alc_Iztapalapa en Av. TlÃ¡huac 3186 Colonia Sta. MarÃ­a TomatlÃ¡n https://t.co/hb8stPFuDh",0,1,0,183071580,Eme Zeta,Mar_Zamor,2010-08-25 20:23:18,False,171,396,2021-11-27 13:21:23,2021,11,27,13,21,11,TlÃ¡huac,-99.0028216137,19.2769983772
1463866566492237832,incendio,palabras clave,"@MexiquenseTV Buen dÃ­a, quiero que me ayuden a reportar un incendio de pastizales, esto cerca de Valle de Chalco, Estado de MÃ©xico, en avenida Chalco-Tlahuac y Av. Acapol. Desde el dÃ­a de ayer estÃ¡ encendido y sigue contaminado mucho hasta el dÃ­a de hoy.",0,0,0,1357904521,Erick hdez ,78centinela,2013-04-16 15:13:54,False,0,19,2021-11-25 07:46:01,2021,11,25,07,46,11,TlÃ¡huac,-99.0028216137,19.2769983772
1463866501614690305,incendio,palabras clave,"@azteca_n Buen dÃ­a, quiero que me ayuden a reportar un incendio de pastizales, esto cerca de Valle de Chalco, Estado de MÃ©xico, en avenida Chalco-Tlahuac y Av. Acapol. Desde el dÃ­a de ayer estÃ¡ encendido y sigue contaminado mucho hasta el dÃ­a de hoy.",0,0,0,1357904521,Erick hdez ,78centinela,2013-04-16 15:13:54,False,0,19,2021-11-25 07:45:45,2021,11,25,07,45,11,TlÃ¡huac,-99.0028216137,19.2769983772
1463866145392496645,incendio,palabras clave,"@UnoNoticias Buen dÃ­a, quiero que me ayuden a reportar un incendio de pastizales, esto cerca de Valle de Chalco, Estado de MÃ©xico, en avenida Chalco-Tlahuac y Av. Acapol. Desde el dÃ­a de ayer estÃ¡ encendido y sigue contaminado mucho hasta el dÃ­a de hoy.",0,0,0,1357904521,Erick hdez ,78centinela,2013-04-16 15:13:54,False,0,19,2021-11-25 07:44:21,2021,11,25,07,44,11,TlÃ¡huac,-99.0028216137,19.2769983772
1463865973858054146,incendio,palabras clave,"@AristeguiOnline Buen dÃ­a, quiero que me ayuden a reportar un incendio de pastizales, esto cerca de Valle de Chalco, Estado de MÃ©xico, en avenida Chalco-Tlahuac y Av. Acapol. Desde el dÃ­a de ayer estÃ¡ encendido y sigue contaminado mucho hasta el dÃ­a de hoy.",0,0,0,1357904521,Erick hdez ,78centinela,2013-04-16 15:13:54,False,0,19,2021-11-25 07:43:40,2021,11,25,07,43,11,TlÃ¡huac,-99.0028216137,19.2769983772
1463865552305364994,incendio,palabras clave,"@NTelevisa_com buen dÃ­a, quiero que me ayuden a reportar un incendio de pastizales, esto cerca de Valle de Chalco, Estado de MÃ©xico, en avenida Chalco-Tlahuac. Desde el dÃ­a de ayer estÃ¡ y sigue contaminado mucho hasta el dÃ­a de hoy.",0,0,0,1357904521,Erick hdez ,78centinela,2013-04-16 15:13:54,False,0,19,2021-11-25 07:41:59,2021,11,25,07,41,11,TlÃ¡huac,-99.0028216137,19.2769983772
1456312295311675393,incendio,coordenadas,"Fuerte incendio en el mercado de Sonora, Bomberos de la EstaciÃ³n Central y otras estaciones laborando. PrecauciÃ³n https://t.co/zq40vdo5uZ",32,2,13,745263602,Condorelampago312,luismiguelbaraa,2012-08-08 08:08:02,False,35169,1086,2021-11-04 11:28:02,2021,11,04,11,28,12,Tlalpan,-99.315748,19.087511
1456312295311675393,incendio,coordenadas,"Fuerte incendio en el mercado de Sonora, Bomberos de la EstaciÃ³n Central y otras estaciones laborando. PrecauciÃ³n https://t.co/zq40vdo5uZ",32,2,13,745263602,Condorelampago312,luismiguelbaraa,2012-08-08 08:08:02,False,35169,1086,2021-11-04 11:28:02,2021,11,04,11,28,13,Xochimilco,-99.315748,19.087511
1461139208601587712,incendio,palabras clave,"19:08 #PrecauciÃ³nVial | Servicios de emergencia acuden a Zacatecas y Av. Mexico, alcaldÃ­a Xochimilco, por reporte de incendio. Conduce con precauciÃ³n y cede el paso. https://t.co/eF0mRGZpqh",1,0,0,166594238,OVIAL_SSCCDMX,OVIALCDMX,2010-07-14 09:00:43,True,1935871,133,2021-11-17 19:08:28,2021,11,17,19,08,13,Xochimilco,-99.0903636045,19.2451450458
1458974786017796100,incendio,palabras clave,"#Guadalupe Incendio de terreno baldÃ­o en Zaragoza y Lago de Texcoco en Col. Xochimilco Quinta Esmeralda, #Precaucion al transitar por la zona, #TodosSomosProteccionCivil",7,0,0,882637993890246656,ProtecciÃ³n Civil NL,PC_NuevoLeon,2017-07-05 10:31:11,False,55839,400,2021-11-11 19:47:50,2021,11,11,19,47,13,Xochimilco,-99.0903636045,19.2451450458
1460654680904712193,incendio,palabras clave,"@CFE_Contigo el nÃºmero 071 y nÃºmero 01 800 888 2338 no estÃ¡n funcionado, quiero reportar un transformador que estÃ¡ echando humo, Mariano Abasolo y Benito JuÃ¡rez en Villa CuauhtÃ©moc CP 52080 riesgo de incendio",0,1,0,142320771,Jose Cedillo Rivas,jcedillo58,2010-05-10 09:27:00,False,144,224,2021-11-16 11:03:08,2021,11,16,11,03,14,Benito JuÃ¡rez,-99.1611346584,19.3806424162
1457492819644502016,incendio,palabras clave,"PEP asegura arma de fuego, atendiÃ³ un reporte de disparos al aire en la colonia Benito JuÃ¡rezâ€¦ VÃ©ala en https://t.co/7Mswu8C5zh VÃ­a | AdiscusiÃ³n.

Tras ser alertados sobre la presencia de personas que escuchaban mÃºsica con volumen muy alto al tiempo que hacÃ­an escÃ¡ndalo. https://t.co/NGmsAawGus",0,0,0,141466271,Adiscusion Digital,adiscusion,2010-05-07 22:59:37,False,6853,895,2021-11-07 17:39:01,2021,11,07,17,39,14,Benito JuÃ¡rez,-99.1611346584,19.3806424162
1465093573779542020,incendio,palabras clave,"17:01 #PrecauciÃ³nVial | Servicios de emergencia se dirigen a Av. del Taller y JosÃ© Antonio Torres, colonia Paulino Navarro, alcaldÃ­a CuauhtÃ©moc, por incendio. Maneje con precauciÃ³n y ceda el paso. https://t.co/ABhZpre55G",3,1,0,166594238,OVIAL_SSCCDMX,OVIALCDMX,2010-07-14 09:00:43,True,1935869,133,2021-11-28 17:01:42,2021,11,28,17,01,15,CuauhtÃ©moc,-99.1490557562,19.4313734294
1463671312493199364,incendio,palabras clave,"18:49 #PrecauciÃ³nVial | Servicios de emergencias acuden a Izazaga a la altura de Isabel La CatÃ³lica, col. Centro, alcladÃ­a CuauhtÃ©moc, por incendio. Conduce con precauciÃ³n y cede el paso. https://t.co/hNLPn5IPW8",6,0,0,166594238,OVIAL_SSCCDMX,OVIALCDMX,2010-07-14 09:00:43,True,1935869,133,2021-11-24 18:50:09,2021,11,24,18,50,15,CuauhtÃ©moc,-99.1490557562,19.4313734294
1463627279674839058,incendio,palabras clave,"15:54 #PrecauciÃ³nVial | Servicios de emergencias acuden a Luis Moya y Ayuntamiento, col. Centro, alcladÃ­a CuauhtÃ©moc, por incendio. Conduce con precauciÃ³n y cede el paso. https://t.co/rKHuHuSYY6",2,0,0,166594238,OVIAL_SSCCDMX,OVIALCDMX,2010-07-14 09:00:43,True,1935869,133,2021-11-24 15:55:11,2021,11,24,15,55,15,CuauhtÃ©moc,-99.1490557562,19.4313734294
1460707807444021258,incendio,palabras clave,"Â¡Ojo! Debido al reporte de #incendio, servicios de emergencia se dirigen a Ferrocarril de Hidalgo y Hierro, col. Valle GÃ³mez, alcaldÃ­a CuauhtÃ©moc. por reporte de incendio. Conduce con precauciÃ³n para evitar accidentes.",3,0,0,40098528,Radio TrÃ¡fico Total,trafico889,2009-05-14 16:06:13,True,897302,69,2021-11-16 14:34:14,2021,11,16,14,34,15,CuauhtÃ©moc,-99.1490557562,19.4313734294
1460707524659847171,incendio,palabras clave,"14:32 #PrecauciÃ³nVial | Servicios de emergencia acuden a Ferrocarril de Hidalgo y Hierro, col. Valle GÃ³mez, alcaldÃ­a CuauhtÃ©moc, por reporte de incendio. Conduce con precauciÃ³n para evitar accidentes. https://t.co/TQ1wWIWzLz",1,0,0,166594238,OVIAL_SSCCDMX,OVIALCDMX,2010-07-14 09:00:43,True,1935869,133,2021-11-16 14:33:07,2021,11,16,14,33,15,CuauhtÃ©moc,-99.1490557562,19.4313734294
1460654680904712193,incendio,palabras clave,"@CFE_Contigo el nÃºmero 071 y nÃºmero 01 800 888 2338 no estÃ¡n funcionado, quiero reportar un transformador que estÃ¡ echando humo, Mariano Abasolo y Benito JuÃ¡rez en Villa CuauhtÃ©moc CP 52080 riesgo de incendio",0,1,0,142320771,Jose Cedillo Rivas,jcedillo58,2010-05-10 09:27:00,False,144,224,2021-11-16 11:03:08,2021,11,16,11,03,15,CuauhtÃ©moc,-99.1490557562,19.4313734294
1456237121912594433,incendio,palabras clave,Â¡PrecauciÃ³n! Servicios de emergencia atienden incendio en la colonia CuauhtÃ©moc.,6,0,3,40098528,Radio TrÃ¡fico Total,trafico889,2009-05-14 16:06:13,True,897302,69,2021-11-04 06:29:20,2021,11,04,06,29,15,CuauhtÃ©moc,-99.1490557562,19.4313734294
1461166056140120067,incendio,palabras clave,"20:55 #PrecauciÃ³nVial | Servicios de emergencia acuden a Felipe Carrillo Puerto y Cda. de Lago Ness, alcaldÃ­a Miguel Hidalgo, por reporte de incendio. Conduce con precauciÃ³n y cede el paso. https://t.co/1c2dczRZWL",6,0,0,166594238,OVIAL_SSCCDMX,OVIALCDMX,2010-07-14 09:00:43,True,1935869,133,2021-11-17 20:55:09,2021,11,17,20,55,16,Miguel Hidalgo,-99.2045669144,19.4280623649
1460578700316057600,incendio,palabras clave,"Â¡PrecauciÃ³n! MovilizaciÃ³n por incendio en edifico en la colonia AnÃ¡huac 1ra SecciÃ³n, alcaldÃ­a Miguel Hidalgo.",11,0,1,40098528,Radio TrÃ¡fico Total,trafico889,2009-05-14 16:06:13,True,897302,69,2021-11-16 06:01:13,2021,11,16,06,01,16,Miguel Hidalgo,-99.2045669144,19.4280623649
1456403101364080642,incendio,palabras clave,"Â¡PrecauciÃ³n! Por un #incendio de negocio, servicios de emergencia se dirigen a la colonia Polanco V SecciÃ³n, alcaldÃ­a Miguel Hidalgo.",10,0,0,40098528,Radio TrÃ¡fico Total,trafico889,2009-05-14 16:06:13,True,897302,69,2021-11-04 17:28:52,2021,11,04,17,28,16,Miguel Hidalgo,-99.2045669144,19.4280623649
1456453984076582914,incendio,palabras clave,"20:50 #PrecauciÃ³nVial | Servicios de emergencia acuden a Sur 111 y Av. Fray Servando Teresa de Mier, col. AeronÃ¡utica Militar, alcaldÃ­a Venustiano Carranza, por incendio. Conduce con precauciÃ³n y evita circular por la zona. https://t.co/K99I76kimZ",15,0,6,166594238,OVIAL_SSCCDMX,OVIALCDMX,2010-07-14 09:00:43,True,1935869,133,2021-11-04 20:51:04,2021,11,04,20,51,17,Venustiano Carranza,-99.0931057959,19.4304954545
1456451257946812430,incendio,palabras clave,"20:40 #PrecauciÃ³nVial | Servicios de emergencia acuden a Sur 111 y Av. Fray Servando Teresa de Mier, col. AeronÃ¡utica Militar, alcaldÃ­a Venustiano Carranza, por incendio. Conduce con precauciÃ³n y evita circular por la zona. https://t.co/PCv02yiQBQ",1,0,1,166594238,OVIAL_SSCCDMX,OVIALCDMX,2010-07-14 09:00:43,True,1935869,133,2021-11-04 20:40:14,2021,11,04,20,40,17,Venustiano Carranza,-99.0931057959,19.4304954545
1456002679847653381,incendio,palabras clave,"14:56 #PrecauciÃ³nVial | Servicios de emergergencia acuden a CantÃ³n y Calle Siberia, col. Romero Rubio, alcaldÃ­a Venustiano Carranza, por reporte de incendio. Conduce con precauciÃ³n para evitar accidentes. https://t.co/Ayk5JSkdf0",0,0,0,166594238,OVIAL_SSCCDMX,OVIALCDMX,2010-07-14 09:00:43,True,1935869,133,2021-11-03 14:57:44,2021,11,03,14,57,17,Venustiano Carranza,-99.0931057959,19.4304954545
